"station_id","station_name","station_code","network_id","network_name","network_code","street","ext","interior","colonia","zip","state_code","municipio_code","year_started","altitude","address","date_validated","date_validated2","passed_validation","video","lat","lon","date_started","timezone","street_view","video_interior"
397,"CENICA 1, UAM Iztapalapa","CEN",144,NA,"ESTSP",NA,NA,NA,NA,NA,NA,NA,NA,NA,NA,NA,NA,NA,NA,19.489583333333,-98.801083333333,"2002-01-01","1",NA,NA
344,"C. Salud Tlaxcoapán","TCP",127,NA,"TCP","","","","","","0","0",NA,"0",NA,NA,NA,NA,"Array",20.091472222222,-99.228416666667,NA,"1","",NA
365,"Costa Baja","UM",140,NA,"LAP","","","","","",NA,NA,NA,"0",NA,NA,NA,NA,"",NA,NA,"2010-03-14","1",NA,NA
393,"Unidad Móvil de Hidalgo","UMHI",143,NA,"POP",NA,NA,NA,NA,NA,NA,NA,NA,NA,NA,NA,NA,NA,NA,19.489583333333,-98.801083333333,"2013-05-24","1",NA,NA
394,"Unidad Móvil Iztapalapa","UMIZ",143,NA,"POP",NA,NA,NA,NA,NA,NA,NA,NA,NA,NA,NA,NA,NA,NA,19.489583333333,-98.801083333333,"2013-05-21","1",NA,NA
395,"Unidad Móvil Tecamachalco","UMTE",143,NA,"POP",NA,NA,NA,NA,NA,NA,NA,NA,NA,NA,NA,NA,NA,NA,19.489583333333,-98.801083333333,"2013-05-22","1",NA,NA
396,"Unidad Móvil Toluca","UMTO",143,NA,"POP",NA,NA,NA,NA,NA,NA,NA,NA,NA,NA,NA,NA,NA,NA,19.489583333333,-98.801083333333,"2013-01-01","1",NA,NA
356,"Presidencia Municipal","ABA",134,"Abasolo","ABA","","","","","","0","0",NA,"0",NA,NA,NA,NA,"",20.425277777778,-101.19805555556,"2017-06-07","1","https://www.google.com.mx/maps/@20.55825,-101.2047323,3a,75y,235.62h,91.91t/data=!3m6!1e1!3m4!1sd_5J6HOAcvpW6yMgymHeKQ!2e0!7i13312!8i6656","https://www.youtube.com/embed/3MRNRDBxaLM"
353,"Dirección de Ecología Municipal","ACAM",131,"Acámbaro","ACA","","","","","","0","0",NA,"0",NA,NA,NA,NA,"",20.590833333333,-101.20861111111,NA,"1","https://www.google.com.mx/maps/@20.1311341,-101.191317,3a,71.5y,269.36h,109.86t/data=!3m6!1e1!3m4!1sZrBj300_TuOWxfRM78JayQ!2e0!7i13312!8i6656",""
184,"Instituto Tecnológico de Agua Prieta","TEC",85,"Agua Prieta","AGP","","","","","","0","0",NA,"0",NA,NA,NA,NA,"",31.311944444444,-109.53563888889,NA,"1","",NA
31,"CBTIS ","CBT",30,"Aguascalientes","AGS","Niza","S/N","","Del Valle Segunda Sección ","0","1","1","2010","1850","Calle. Niza ND Fracc. Del Valle Segunda Sección, Aguascalientes Ags.","2016-01-01",NA,NA,"https://www.youtube.com/embed/SNcAjJB_zi8",21.873311111111,-102.32080277778,"2010-08-24","1","https://www.google.com.mx/maps/@21.8727525,-102.3207776,3a,75y,21.69h,91.62t/data=!3m6!1e1!3m4!1s8yZfPD-5fwsa6lYXppNenA!2e0!7i13312!8i6656","https://www.youtube.com/embed/tggsv9S0lDM"
33,"Centro","CEN",30,"Aguascalientes","AGS","Rivero y Gutiérrez esquina con Morelos","s/n","s/n","Zona Centro","20000","1","1","1997","1883","Calle Rivero y Gutiérrez esquina con Morelos, Zona Centro , Municipio de Aguascalientes, Ags.",NA,NA,NA,"https://www.youtube.com/embed/MfwTsxxPEic",21.883780555556,-102.295825,"2016-01-01","1","https://www.google.com.mx/maps/@21.8836364,-102.295553,3a,83.2y,198.3h,106.92t/data=!3m6!1e1!3m4!1szY26ehbakqtwSLNnUdxLXw!2e0!7i13312!8i6656","https://www.youtube.com/embed/QPYSASjQJKw"
303,"Instituto Educativo","IED",30,"Aguascalientes","AGS"," Av Pozo Bravo","","","Villas de Ntra. Sra. de la Asunción","20126","1","1",NA,"0",NA,"2015-01-01",NA,NA,"https://www.youtube.com/embed/HLuYagGKxlE",21.903,-102.28461111111,"2016-01-01","1","","https://www.youtube.com/embed/PYbaaN2LedA"
34,"ISSSTE","ISSSTE",30,"Aguascalientes","AGS","Av. Universidad","s/n","s/n","Fraccionamiento San Cayetano","","0","0",NA,"0",NA,NA,NA,NA,"",21.871138888889,-102.29397222222,NA,"1","https://www.google.com.mx/maps/@21.902442,-102.3073946,3a,48.9y,287.42h,108.09t/data=!3m6!1e1!3m4!1sJt8W1hSbE1gU5dVR4ZMOBA!2e0!7i13312!8i6656",""
30,"Secundaria Leyes de Reforma","LEY",30,"Aguascalientes","AGS","Av. Pozo Bravo ","s/n","s/n","Fracc. Revolución ","0","0","0","2010","1895","Av. Manuel Gómez Morín ND esquina Av. Convención de 1914 ote., Fraccionamiento las Hadas, Aguascalientes Ags.",NA,"2013-12-31","0","",21.903,-102.28461111111,"2012-12-01","1","",""
310,"Parque Landeros","PAR",30,"Aguascalientes","AGS","","","","","","0","0",NA,"0",NA,NA,NA,NA,"",NA,NA,NA,"1","",""
311,"PROFEPA","PROFEPA",30,"Aguascalientes","AGS","","","","","","0","0",NA,"0",NA,NA,NA,NA,"",NA,NA,NA,"1","",""
32,"Secretaría de Medio Ambiente","SMA",30,"Aguascalientes","AGS","Blvd. José María Chávez, esq. Av. Siglo XXI"," No. 1917","s/n","Prados de Villasunción","","0","0","2007","1877","Blvd. José Ma. Chavez ND Municipio de Aguascalientes, Ags.",NA,NA,NA,"https://www.youtube.com/embed/wQxHKOIv0Qw",21.846391666667,-102.28843055556,"2015-01-16","1","https://www.google.com.mx/maps/@21.845408,-102.2886057,3a,75y,15.03h,103.92t/data=!3m6!1e1!3m4!1smmMi_UgfiYCXhEOI_53ZXw!2e0!7i13312!8i6656","https://www.youtube.com/embed/wE0AYV2dHWo"
81,"Presidencia Municipal","AJA",50,"Ajacuba","AJA","","","","","","0","0",NA,"0",NA,NA,NA,NA,"",20.0925,-99.122,NA,"1","",""
200,"Altamira1","ALT1",99,"Altamira","ALT","","","","","","0","0",NA,"0",NA,NA,NA,NA,"",21.326111111111,-97.693055555556,NA,"1","",NA
201,"Altamira2","ALT2",99,"Altamira","ALT","","","","","","0","0",NA,"0",NA,NA,NA,NA,"",21.354166666667,-97.692222222222,NA,"1","",NA
223,"Apizaco","APZ",110,"Apizaco","APZ"," Independencia"," 1301","","","","29","2027","1996","0","Independencia 1301 Bis, Apizaco, Tlaxcala",NA,NA,NA,"",19.42,-98.145277777778,NA,"1","",NA
82,"Centro de Salud","ATI",51,"Atitalaquia","ATI","Avenida Norte    ","No. 6","No. 6","Col Centro","C.P.","13","457","2009","0","Av. Norte No. 6, Centro, Atitalaquia",NA,"2015-12-31","0","https://youtu.be/tlP150s_DAk",20.06,-99.221944444444,"2012-03-30","8","","https://youtu.be/ixCT4CcuazU"
83,"Primaria Revolución","ATO",52,"Atotonilco","ATO","Calle 16 de enero","no.5","no.5","Colonia Centro","C.P.","13","460","2011","0","Calle 16 de enero no. 5 col. Centro Atotonilco de Tula",NA,"2015-12-31","0","https://youtu.be/i0NTUHVhmJ4",20.006666666667,-99.218888888889,"2012-03-26","1","","https://youtu.be/JQAZTw65KQ8"
195,"Instituto Tecnológico Superior de los Ríos","ITSR",94,"Balancán","BAL","","","","","","0","0",NA,"0",NA,NA,NA,NA,"",17.829444444444,-91.531388888889,NA,"1","",""
185,"ITESC","TEC",86,"Cajeme","CAJ","","","","","","0","0",NA,"0",NA,NA,NA,NA,"",27.528444444444,-109.92586111111,NA,"1","",NA
221,"Calpulalpan","CAL",108,"Calpulalpan","CAL","Plaza de la Constitución","","5","","","29","2028","2006","0","Plaza de la constitución No, 5, Calpulalpan, Tlaxcala",NA,NA,NA,"",19.589166666667,-98.577777777778,NA,"1","https://www.google.com.mx/maps/@19.2135495,-98.2221743,3a,75y,161.65h,89.58t/data=!3m6!1e1!3m4!1sxgmW354ZlgRbUyTJV_-5wg!2e0!7i13312!8i6656",""
49,"Guadalupe","GPE",36,"Campeche","CAMP","","","","","","0","0",NA,"0",NA,NA,NA,NA,"",19.846333333333,-90.530777777778,NA,"1","",""
382,"CARDENAS","CA",141,"Cardenas","CAR","","","","","","0","0",NA,"0",NA,NA,NA,NA,"",NA,NA,NA,"1","",""
203,"Presidencia","PMN",100,"Cd. Victoria","CDV","","","","","","0","0",NA,"0",NA,NA,NA,NA,"",23.751111111111,-99.149444444444,NA,"1","",NA
389,"Presidencia","PMNV",100,"Cd. Victoria","CDV","Calle Hidalgo","","","Av. Fco. I Madero","","0","0",NA,"0",NA,NA,NA,NA,"",23.751555555556,-99.15025,NA,"1","",""
202,"Tecnológico","TECV",100,"Cd. Victoria","CDV","","","","","","0","0",NA,"0",NA,NA,NA,NA,"",23.753333333333,-99.001666666667,NA,"1","",""
68,"Policía","POL",45,"Celaya","CEL","","","","","","0","0","2001","1760","Calle Pípila No. 144, Col. Centro, Celaya Guanajuato, C.P. 38060",NA,"2017-04-30","0","Array",20.5175,-100.81555555556,"2005-06-20","1","https://www.google.com.mx/maps/place/20%C2%B031'03.0%22N+100%C2%B048'56.0%22W/@20.5184092,-100.8154663,3a,75y,218.99h,105.16t/data=!3m6!1e1!3m4!1spCU4EXiLQgSu71vxD3EMQA!2e0!7i13312!8i6656!4m5!3m4!1s0x0:0x0!8m2!3d20.5175!4d-100.8155556																https",""
70,"San Juanico","SJ",45,"Celaya","CEL","","","","","","0","0","2002","1760","Calle Brillante esquina con Mina, Col. San Juanico 1ra Secc, Celaya Guanajuato C.P. 38020",NA,"2017-04-30","0","",20.5375,-100.83972222222,"2005-06-20","1","https://www.google.com.mx/maps/@20.6932606,-101.3653865,3a,75y,211.28h,76.77t/data=!3m6!1e1!3m4!1sgjHm5sfB2Dp7QXy_hXPZig!2e0!7i13312!8i6656",""
69,"Tecnológico","TEC",45,"Celaya","CEL","","","","","","0","0","2003","1760","Ecologistas esq. Industriales, Col. Fraccionamiento Residencial Tecnológico, Celaya, Guanajuato, C.P. 38080",NA,"2017-04-30","0","",20.545277777778,-100.80694444444,"2005-06-20","1","",""
422,"Instituto Tecnológico del Centla","ITCE",148,"Centla","CTA","","","","","","0","0",NA,"0",NA,NA,NA,NA,"",18.54105,-92.650141666667,NA,"1","",""
192,"Instituto Tecnológico de Villahermosa","ITVH",93,"Centro","CEN","Av. Mártires de Cananea","","","Col. Indeco, Cd. Industrial","86010","0","0","2010","0","Carretera Villahermosa - Frontera Km. 3.5 Cd. Industrial Carretera Villahermosa - Frontera Km. 3.5 Cd. Industrial",NA,NA,NA,"",18.022933333333,-92.903219444444,NA,"1","",""
193,"Plaza de Toro","PTR",93,"Centro","CEN","","","","","","0","0","2010","0","Pról.. Av. 27 de Febrero ND Explanada Plaza de Toros, Col. Espejo 1",NA,NA,NA,"",17.989066666667,-92.95435,NA,"1","",""
194,"Secretaria de Educación","SE",93,"Centro","CEN","Gregorio Méndez","S/N","","El Aguila","86080","27","1966","2001","0","Calle Héroes de 47 ND Col. El Águila",NA,NA,NA,"https://www.youtube.com/embed/BWjJbFY71xI",17.988055555556,-92.939722222222,NA,"1","",""
421,"Universidad Politécnica del Centro","UPC2",93,"Centro","CEN","","","","","","0","0",NA,"0",NA,NA,NA,NA,"",18.086358333333,-93.164325,NA,"1","",""
384,"Villahermosa","VHE",93,"Centro","CEN",NA,NA,NA,NA,NA,NA,NA,NA,NA,NA,NA,NA,NA,NA,19.489583333333,-98.801083333333,NA,"1",NA,NA
54,"Centro","CEN",38,"CHIH1","CHIH1","Avenida División del Norte y Universidad","S/N","","Altavista","31200","8","217","2007","1450","Av. División del Norte y Av. Universidad",NA,NA,NA,"https://www.youtube.com/embed/ZdrsOu8PeJ8",28.652227777778,-106.08535833333,"2015-05-08","4","","https://www.youtube.com/embed/MUjzsEhklPM"
53,"SUR","SUR",38,"CHIH1","CHIH1","Av. Carlos Pacheco","8800","","2 de Octubre","31060","8","217","2012","1400","Av. Carlos Pacheco No. 8800, Colonia 2 de Octubre, en Chihuahua, Chih., ESTACIÓN DE BOMBEROS NÚMERO 5",NA,"2014-12-31","0","https://www.youtube.com/embed/MgZRPelUsAw",28.632775,-106.03886694444,"2012-07-01","4","","https://www.youtube.com/embed/EfNiXO0qYg0"
55,"CIMAV","CIMAV",39,"CHIH2","CHIH2","Miguel de Cervantes ","120","","Industrial Chihuahua","31109","0","0",NA,"0",NA,NA,"2014-12-31","0","",28.716083333333,-106.13330555556,"2006-12-31","1","",NA
57,"Tecnologico","TEC",41,"Colima","COL","Av. Tecnológico","No. 1","s/n","Villa de Álvarez","28976","6","72","2013","504","Av. Tecnológico No 1, Col.Liberacion,28976 Villa de Álvarez",NA,"2014-12-31","0","",19.262127777778,-103.72403333333,"2013-03-07","1","",NA
383,"instituto Tecnológico Superior de Comalcalco","ITSC",142,"Comalcalco","COM","Carretera vecinal Comalcalco-Paraíso, Km.2 ","","","Ra. Occidente  3ra. Sección","86651","27","1967",NA,"0",NA,NA,NA,NA,"",18.295,-93.2175,NA,"1","",""
166,"CAM","CAM",76,"Corregidora","COR","Av. Ribera del Río, Esq. Camino las Flores","","","El Pueblito","","22","1791","2009","1813","Av. Ribera del Río, Esq. Camino las Flores ND, Col. El Pueblito, Corregidora Qro.",NA,"2014-12-31","0","",20.556111111111,-100.44564722222,"2013-12-31","1","","https://www.youtube.com/embed/IIS0iF1ZQkk"
350,"Presidencia Municipal","COR",129,"Cortazar","CTZ","","","","","","0","0",NA,"0",NA,NA,NA,NA,"",20.811572222222,-101.61143333333,NA,"1","",""
132,"Palacio Municipal Cuautla","PMNC",67,"Cuautla","CUA","Sustento del Temor","","","Centro","","17","900","2006","1330","Palacio Municipal de Cuautla, Col. Centro, Cuautla Morelos",NA,NA,NA,"https://www.youtube.com/watch?v=Tl86aArsxJk",18.812986944444,-98.955305833333,"2016-04-23","1","",""
134,"Cuernavaca 01","PGO",69,"Cuernavaca","CUE","Plaza de Armas","s/n","s/n","Centro","62000","17","901","2002","1480","Plaza de Armas, Col Centro. Morelos C.P. 62000",NA,"2014-12-31","0","",18.921817777778,-99.234896666667,"2005-08-30","8","",""
411,"Culiacan","ECLN1",80,"Culiacán","CUL"," Carl. Mariano Escobedo y Álvaro Obregón Primer Cuadro ","","","Centro","","25","1878",NA,"0",NA,NA,NA,NA,"",24.807111111111,-107.39383333333,NA,"1","",NA
415,"Culiacan","PM10CLN",80,"Culiacán","CUL","","","","","","0","0",NA,"0",NA,NA,NA,NA,"",24.800083333333,-107.39480555556,NA,"1","",""
175,"H. Ayuntamiento de Culiacán","PMN",80,"Culiacán","CUL","","","","","","0","0",NA,"0",NA,NA,NA,NA,"",24.800083333333,-107.39480555556,NA,"1","",NA
177,"Edificio de SCT","SCT",80,"Culiacán","CUL","","","","","","0","0",NA,"0",NA,NA,NA,NA,"",24.482611111111,-107.23377777778,NA,"1","",NA
176,"Oficinas de la Secretaría","SRIA",80,"Culiacán","CUL","","","","","","0","0",NA,"0",NA,NA,NA,NA,"",24.800083333333,-107.39480555556,NA,"1","",NA
360,"Mega Parque","DH",138,"Dolores Hidalgo","DHG","","","","","","0","0",NA,"0",NA,NA,NA,NA,"",21.085527777778,-100.56347222222,NA,"1","https://www.google.com.mx/maps/@20.483032,-100.9638727,3a,49.7y,25.52h,97.87t/data=!3m6!1e1!3m4!1s7QR5tR0sBlPClc9sYiurNg!2e0!7i13312!8i6656",""
62,"CBTIS","CBTIS",42,"Durango","DGO","Blvd. Instituto Politécnico","","","Los Fuentes","","10","286",NA,"0",NA,NA,NA,"0","",24.007472222222,-104.64463888889,NA,"1","https://www.google.com.mx/maps/place/CBTIS+89/@24.0051957,-104.6797044,3a,60y,103.25h,91.32t/data=!3m7!1e1!3m5!1scLIw1RZ9OzUXeQ2Qf7GVVw!2e0!6s%2F%2Fgeo0.ggpht.com%2Fcbk%3Fpanoid%3DcLIw1RZ9OzUXeQ2Qf7GVVw%26output%3Dthumbnail%26cb_client%3Dmaps_sv.tactile.g",""
63,"Cancún","CUN",42,"Durango","DGO","Puebla, Esq. Con Monterrey","","","Jardines de Cancún","","10","286",NA,"0",NA,NA,NA,NA,"",NA,NA,NA,"1","",NA
59,"IPN","IPN",42,"Durango","DGO","Sigma","","","20 de Noviembre II","","10","286","2010","0","Calle Sigma ND, Col. 20 de Noviembre Sahuatoba, Durango",NA,"2014-12-31","0","",24.051555555556,-104.61136111111,"2013-12-31","1","",NA
58,"ITD","ITD",42,"Durango","DGO","Blvd. Felipe Pescador","","","Zona centro","","10","286","2006","0","Blvd. Felipe Pescador, Durango. Durango, 34200",NA,NA,"12","juanma",24.034472222222,-104.64502777778,"2010-02-05","1","https://www.google.com.mx/maps/@19.2934836,-99.3751901,3a,15.2y,78.76h,92.51t/data=!3m6!1e1!3m4!1sna7TkgNoIwXp9VjFMlMnNQ!2e0!7i13312!8i6656",""
64,"PROFEPA","PFP",42,"Durango","DGO","2ª de Selenio","","","Cd. Industrial","","10","286",NA,"0",NA,NA,NA,"12","Array",24.026777777778,-104.69297222222,NA,"1","https://www.google.com.mx/maps/@24.0678752,-104.6077414,3a,75y,101.69h,107.98t/data=!3m6!1e1!3m4!1sbhS7KgQTp3O1XUdmvrxImw!2e0!7i13312!8i6656",""
60,"SRNyMA","SRN",42,"Durango","DGO","Av. Ferrocarril 109 Anexo Vivero","","","Sahuatova","","10","286","2010","0","Av. Ferrocarril 109, Anexo Vivero, Sahuatoba, Durango,",NA,"2014-12-31","0","",24.026777777778,-104.692975,"2013-12-31","1","",NA
61,"Zaragoza","ZAR",42,"Durango","DGO","Av. 20 de Noviembre ","","","Zaragoza, Zona Centro","","10","286",NA,"0",NA,NA,NA,"12","",24.027944444444,-104.6725,NA,"1","",""
206,"CEEA","CEEA",102,"El Mante","",NA,NA,NA,NA,NA,NA,NA,NA,NA,NA,NA,NA,NA,NA,22.743611111111,-98.980277777778,NA,"1",NA,NA
204,"COBAT","COBAT",101,"El Mante","MAN","","","","","","0","0",NA,"0",NA,NA,NA,NA,"",22.745555555556,-98.997222222222,NA,"1","",""
205,"Presidencia","PMN",101,"El Mante","MAN","","","","","","0","0",NA,"0",NA,NA,NA,NA,"",22.743611111111,-98.980277777778,NA,"1","",""
167,"El Marqués","MAR",77,"El Marques","MAR","Venustiano Carranza ","","12","La Cañada","","22","1796","2009","1884","Venustiano Carranza No. 12, Col. La Cañada, El Marqués, Qro.",NA,"2014-12-31","0","",20.606344444444,-100.33111944444,"2013-12-31","1","","https://www.youtube.com/embed/Maj2owk6hAI"
36,"Secundaria","SPABC20",31,"Ensenada","ENS","Blvd. Adolfo Ramírez Méndez","98 ","","Ampliación Buenaventura","22880","2","12","2010","30","Blvd. Adolfo Ramírez Méndez no.98 y Ave. México. C.P. 22880, Ensenada, B.C.","2014-10-02",NA,NA,"",31.859916666667,-116.59372222222,NA,"5","",""
373,"Secundaria No. 9","SPABC20",31,"Ensenada","ENS","Blvd. Adolfo Ramirez Mendez","98","","Amp. Buenaventura","22880","2","12",NA,"30",NA,NA,"2014-12-31","0","",31.859916666667,-116.59372222222,"2012-07-31","5","",""
65,"Campestre","CAM",43,"Gómez Palacio","GPD","Sur del monte y Paris","","","Campestre","","10","288","2005","0","Calles South del Monte y Paris, Campestre. Gómez Palacio",NA,NA,"12","",25.551222222222,-103.50252777778,"2005-12-01","1","https://www.google.com.mx/maps/place/25%C2%B033'04.4%22N+103%C2%B030'09.1%22W/@25.551309,-103.5024404,3a,75y,195.05h,107.61t/data=!3m7!1e1!3m5!1sqzo2V2sDU4uq0HXgIONpwA!2e0!6s%2F%2Fgeo3.ggpht.com%2Fcbk%3Fpanoid%3Dqzo2V2sDU4uq0HXgIONpwA%26output%3Dthumbnail",NA
66,"Universidad Juárez","NUGP",43,"Gómez Palacio","GPD","Av. Universidad ","","","Núcleo Universitario","","10","288","2010","0","Av. Universidad ND, Núcleo Universitario, Gómez Palacio Dgo.",NA,"2014-12-31","0","",25.588630555556,-103.50160277778,"2013-12-31","1","",""
341,"SRNyMA Laguna","SRNL",43,"Gómez Palacio","GPD","Av. Ferrocarril ","109","","Anexo Vivero, Sahuatova","","10","286",NA,"0",NA,NA,NA,NA,"Array",25.604666666667,-103.5,NA,"1","",""
103,"Las Águilas","AGU",63,"Guadalajara","GDL","Avenida López Mateos","5250","","Las águilas","","0","0","1993","1633","Avenida Adolfo López Mateos No. 5250 , Arboledas. Zapopan, 45070, Jalisco",NA,"2014-12-31","0","",20.631268055556,-103.41643083333,"1997-01-01","1","",NA
101,"Atemajac","ATM",63,"Guadalajara","GDL","Hidalgo, Unidad Administrativa Atemajac","Plaza","","Atemajac","45040","0","0","1993","1563","Hidalgo No. 1 entre Cuauhtémoc y Ramón Corona , Atemajac. Zapopan, 45190, Jalisco",NA,"2014-12-31","0","",20.719673888889,-103.35543472222,"1997-01-01","1","",""
102,"Centro","CEN",63,"Guadalajara","GDL","","","","Centro","","0","0","1993","1582","Churubusco No. 143 entre las calles Dionisio Rodríguez y Javier Mina, Sector Libertad . Guadalajara, 44750, Jalisco",NA,"2014-12-31","0","",20.673764722222,-103.33333611111,"1997-01-01","1","",""
105,"Loma Dorada","LDO",63,"Guadalajara","GDL","Loma Plana Norte","S/N","","Loma Dorada","45402","0","0","1993","1645","Loma Plana Norte cruza con Loma Plana Sur, Loma Dorada. Tonala, , Jalisco",NA,"2014-12-31","0","",20.629294722222,-103.26397416667,"1997-01-01","1","",NA
106,"Miravalle","MIR",63,"Guadalajara","GDL","Av. Gobernador Curiel","92","","Miravalle","44590","0","0","1993","1622","Avenida Gobernador Curiel cruce con la Avenida de la Pintura , Miravalle. Guadalajara, 44990, Jalisco",NA,"2014-12-31","0","",20.614444444444,-103.34333333333,"1997-01-01","1","",NA
107,"Oblatos","OBL",63,"Guadalajara","GDL","Velino M. Presa","1685","","Oblatos","44700","0","0","1993","1698","Avelino M. Presa No. 1685 , Oblatos. Guadalajara, 44700, Jalisco",NA,"2014-12-31","0","",20.700538611111,-103.29661666667,"1997-01-01","1","",NA
104,"Las Pintas","PIN",63,"Guadalajara","GDL","López Santos","","","Las Pintas","","0","0","2008","1670","López Santos 6544 entre Brigido Pérez y Dionicio Salazar Delegación de Las Pintas",NA,"2014-12-31","0","",20.576823888889,-103.32652861111,"2010-12-31","1","",""
108,"Santa Fe","SFE",63,"Guadalajara","GDL","Avenida Concepción del Valle","115","","Concepción del Valle","","0","0","2012","1541","Ave. Concepción 115, Col. Concepción del Valle, Tlajomulco de Zúñiga",NA,"2014-12-31","0","",20.529149444444,-103.37717944444,"2012-12-31","1","",NA
109,"Tlaquepaque","TLA",63,"Guadalajara","GDL","Constitución","159","","Tlaquepaque Centro","45500","0","0","1993","1622","Constitución 159 esq. Prisciliano Sánchez, Centro-Tlaquepaque. Guadalajara, 45500, Jalisco",NA,"2014-12-31","0","",20.640966666667,-103.31259194444,"1997-01-01","1","",NA
110,"Vallarta","VAL",63,"Guadalajara","GDL","Coras","3479","","Residencial Juan Manuel","44690","0","0","1993","1640","Coras entre Lacandones y Rincón del Nardo, Residencial Juan Manuel. Zapopan, 45138, Jalisco",NA,"2014-12-31","0","",20.680193055556,-103.39855138889,"1997-01-01","1","",NA
237,"Guadalupe Zacatecas","GPE",117,"Guadalupe","GPE","","","","","","0","0","2008","2255","Lab. Salud publica",NA,NA,NA,"",22.751238888889,-102.49965833333,NA,"1","",""
296,"Presidencia Municipal","PMN",117,"Guadalupe","GPE","AV. COLEGIO MILITAR OTE. 96","96","","CENTRO","98600","0","0",NA,"0",NA,NA,NA,NA,"",22.749528333333,-102.51302722222,NA,"1","",NA
359,"Universidad Gto Sede Belen","UG-B",137,"Guanajuato","GTO","","","","","","0","0",NA,"0",NA,NA,NA,NA,"",21.017583333333,-101.25736111111,"2017-06-07","1","",""
178,"Edificio Carlone","EC",81,"Guasave","GUA","Blas Valenzuela e Ignacio Zaragoza ","","","","","25","1883",NA,"0",NA,NA,NA,NA,"",25.567416666667,-108.46319444444,NA,"1","",NA
416,"Guasave","PM10GSVE",81,"Guasave","GUA","","","","","","0","0",NA,"0",NA,NA,NA,NA,"",25.567416666667,-108.46319444444,NA,"1","",""
188,"Guaymas","GYM",89,"Guaymas","GYM","","","","","","0","0",NA,"0",NA,NA,NA,NA,"",NA,NA,NA,"1","",NA
293,"Protección Civil","PC",122,"Guerrero","GUE","Hornitos","7","","Centro","39300","0","0",NA,"20",NA,NA,NA,NA,"",16.850330555556,-99.903738888889,NA,"1","",""
186,"Universidad de Sonora","USO",87,"Hermosillo","HER","","","","","","0","0",NA,"0",NA,"2016-01-01",NA,NA,"",29.074805555556,-110.93313888889,NA,"1","",NA
222,"Huamantla","HUA",109,"Huamantla","HUA","Plaza Juárez ","5","","","","29","2035","1996","0","Plaza Juárez No. 5, Huamantla, Tlaxcala.",NA,NA,NA,"",19.3125,-97.923055555556,NA,"1","",NA
85,"Hospital","HUI",54,"Huichapan","HUI","Calle 16 de enero   ","S/N","","Barrio Abundio Martínez,","C.P.","13","476",NA,"0",NA,NA,NA,NA,"",20.375111111111,-99.654444444444,"2014-10-01","1","",""
196,"Instituto Tecnológico Superior de la Venta","ITSLV",95,"Huimanguillo","HMG","Circuito Tecnológico","No.1","","El Cuatro","86410","27","1970",NA,"0",NA,NA,NA,NA,"",18.111388888889,-94.039722222222,NA,"1","",""
72,"Bomberos","BOM",46,"Irapuato","IRA","","","","","","0","0","2005","1724","Av. Juan José Torres Landa Esquina con Guadalupe Victoria, Col. Centro, Irapuato, Guanajuato, C.P. 36590",NA,"2014-12-31","0","",21.118055555556,-101.60216666667,"2005-06-09","1","https://www.google.com.mx/maps/@20.6583094,-101.3491509,3a,75y,143.38h,90.31t/data=!3m6!1e1!3m4!1sOn93hEn4e4eb-VivSErIaQ!2e0!7i13312!8i6656","https://www.youtube.com/embed/XC5EzpaSnjM"
71,"Sec. Oficial","SEC",46,"Irapuato","IRA","","","","","","0","0","2005","1724","Campestre del Valle 240 Int.. A, Col. Jardines del Campestre, Irapuato, Guanajuato, C.P. 3512",NA,"2014-12-31","0","",20.6925,-101.365,"2005-06-09","1","https://www.google.com.mx/maps/place/20%C2%B040'30.0%22N+101%C2%B021'21.0%22W/@20.6751347,-101.3557408,3a,75y,342.81h,82.08t/data=!3m7!1e1!3m5!1sVItppTCk_jnUxPBazEvo9g!2e0!6s%2F%2Fgeo2.ggpht.com%2Fcbk%3Fpanoid%3DVItppTCk_jnUxPBazEvo9g%26output%3Dthumbnail","https://www.youtube.com/embed/7O5ynua2JoI"
73,"Teódula","TEO",46,"Irapuato","IRA","","","","","","0","0","2005","1724","Calle 3, Col. Fraccionamiento el Refugio, Irapuato, Guanajuato, C.P. 36540",NA,"2014-12-31","0","",20.658055555556,-101.34888888889,"2005-06-09","1","","https://www.youtube.com/embed/YScD5gaAEck"
225,"Ixtacuixtla-Panotla","IXT",112,"Ixtacuixtla-Panotla","IXT"," Hidalgo","46","","","","29","2037","1996","0","Avenida Hidalgo No. 1 Ixtacuixtla, Tlaxcala",NA,NA,NA,"",19.326666666667,-98.376944444444,NA,"1","",NA
349,"Presidencia Municipal","JR",128,"Juventino Rosas","JVR","","","","","","0","0",NA,"0",NA,NA,NA,NA,"",21.075,-101.66155555556,NA,"1","https://www.google.com.mx/maps/place/20%C2%B002'07.0%22N+100%C2%B043'09.0%22W/@20.0357251,-100.7191175,3a,82.6y,285.73h,98.41t/data=!3m6!1e1!3m4!1sOU_7wUjTdK4YgmEtbPBe8w!2e0!7i13312!8i6656!4m5!3m4!1s0x0:0x0!8m2!3d20.0352778!4d-100.7191667",""
74,"CICEG - Bomberos","CC",47,"León","LEO","","","","","","0","0","2002","1804","Blvd. Adolfo López Mateos 3401 Oriente, Col. Fraccionamiento Julián de Obregón, León, Guanajuato, C.P. 37290",NA,"2014-12-31","0","https://www.youtube.com/embed/HGszBYcdeGY",21.103055555556,-101.63611111111,"2005-05-13","1","","https://www.youtube.com/embed/gSzzQRKkE4Y"
75,"Facultad de Medicina","FM",47,"León","LEO","","","","","","0","0","2007","1804","16 Septiembre esq. 20 Enero, Col. Centro, León, Gto., C.P. 37000",NA,"2014-12-31","0","https://www.youtube.com/embed/4AajaaD5O8E",21.133333333333,-101.68,"2008-01-07","1","","https://www.youtube.com/embed/yNtBU1r3eKA"
348,"Zona Sur","LN-S",47,"León","LEO","","","","","","0","0",NA,"0",NA,NA,NA,NA,"",21.001222222222,-101.14372222222,NA,"1","https://www.google.com.mx/maps/@20.5781721,-101.1992665,3a,75y,64.58h,96.52t/data=!3m6!1e1!3m4!1s3UjUN9zMaAYnXMqJAMyopQ!2e0!7i13312!8i6656",""
76,"T21","T21",47,"León","LEO","","","","","","0","0","2005","1804","Coral No. 101, Col. San Rafael, León, Gto., C.P. 37380",NA,"2014-12-31","0","https://www.youtube.com/embed/7TMXdf66CB8",21.108611111111,-101.68861111111,"2006-01-01","1","https://www.google.com.mx/maps/@21.1088538,-101.6887571,3a,75y,155.35h,97.95t/data=!3m6!1e1!3m4!1s0KxYkW-SlJrnfg-yLAMXEA!2e0!7i13312!8i6656","https://www.youtube.com/embed/6ouFEcilybg"
342,"Lerdo","LE",44,"Lerdo","LER","Av. Tecnológico","1555","","Sub periférico Gómez Lerdo ","","0","0",NA,"0",NA,NA,NA,NA,"",25.539194444444,-103.52322222222,NA,"1","https://www.google.com.mx/maps/@20.5181931,-100.8157148,3a,89.9y,215.03h,96.31t/data=!3m6!1e1!3m4!1szD4Q72XbFibs1oyHc1HXDA!2e0!7i13312!8i6656",NA
67,"SAGARPA","SAG",44,"Lerdo","LER","López Rayón y Fco","","","I Madero, Zona centro","","10","293","2010","0","López Rayón y Fco. I Madero ND, Zona centro, Lerdo Dgo.",NA,"2014-12-31","0","",25.539180555556,-103.52321666667,"2013-12-31","1","https://www.google.com.mx/maps/@25.5394234,-103.5233019,3a,75y,201.89h,105.28t/data=!3m6!1e1!3m4!1s9ydFCgMGV9rbkMCs-tplow!2e0!7i13312!8i6656",NA
100,"Presidencia Municipal","LOL",62,"Lolotla","LOL","","","","","","0","0",NA,"0",NA,NA,NA,NA,"",20.839166666667,-98.718611111111,NA,"1","",""
181,"DIF Municipal","ELM1",83,"Los Mochis (Ahome)","AHO","Calle Niños Heroes y Rosendo G","375 ","","Centro","","0","0",NA,"0",NA,NA,NA,NA,"",25.783333333333,-108.99013888889,NA,"1","",NA
414,"Ayuntamiento","PM10LM",83,"Los Mochis (Ahome)","AHO","","","","","","0","0",NA,"0",NA,NA,NA,NA,"",25.783472222222,-108.99366666667,NA,"1","",""
182,"Rectoría de Univ. de Occidente","UO",83,"Los Mochis (Ahome)","AHO","","","","","","0","0",NA,"0",NA,NA,NA,NA,"",25.783472222222,-108.99366666667,NA,"1","",NA
209,"Bomberos Lauro Villar","BOM",103,"Matamoros","MAT","","","","Carr. Lauro Villar","","0","0",NA,"0",NA,NA,NA,NA,"",25.871111111111,-97.507222222222,NA,"1","",""
207,"DIF","DIF",103,"Matamoros","MAT","4 / Camilo Manzo ","",""," 20 de noviembre","","0","0",NA,"0",NA,NA,NA,NA,"",26.634166666667,-97.509166666667,NA,"1","",""
208,"Quinto Real","QRE",103,"Matamoros","MAT","","","","Av. 12 de Marzo","","0","0",NA,"0",NA,NA,NA,NA,"",25.856111111111,-97.534166666667,NA,"1","",""
210,"Solidaridad","SOL",103,"Matamoros","MAT","","","","","","0","0",NA,"0",NA,NA,NA,NA,"",25.837777777778,-97.530833333333,NA,"1","",""
179,"Junta Municipal de Agua Potable","EMZT1",82,"Mazatlán","MZT","Armada de México y Ave. Ejército Mexicano","","","","","25","1884",NA,"0",NA,NA,NA,NA,"",23.249861111111,-106.38522222222,NA,"1","",NA
413,"Mazatlan","PM10MZT",82,"Mazatlán","MZT","","","","","","0","0",NA,"0",NA,NA,NA,NA,"",23.233382833333,-106.42385783333,NA,"1","",""
180,"Seguro Social","SS",82,"Mazatlán","MZT","","","","","","0","0",NA,"0",NA,NA,NA,NA,"",23.233388888889,-106.42386111111,NA,"1","",NA
236,"SEDUMA01","CEN",116,"Mérida","MID","64","437","","centro","97000","0","0","2012","8","Calle 64 No. 437 x 53 y 47-A, centro, Mérida, Yucatán, México","2015-01-31","2014-12-31","0","https://www.youtube.com/embed/cbVLEDqCdj4",20.973272222222,-89.624811111111,"2012-12-31","4","",""
369,"Instituto Tecnológico de Mexicali ","SPABC10",32,"Mexicali","MXC","Calzada Tecnológico","s/n","s/n","Tomas Aquino","22414","0","0",NA,"0",NA,NA,"2014-12-31","0","",NA,NA,"1997-01-01","1","",""
37,"CONALEP","SPABC11",32,"Mexicali","MXC","Av. Conalep","s/n","s/n"," Ejido Puebla","","0","0","1996","8","Av. Conalep ND Ejido Puebla",NA,NA,NA,"",32.57,-115.34888888889,NA,"1","",""
38,"UABC","SPABC12",32,"Mexicali","MXC","Calle de la Normal","s/n","","Blvd. Benito Juarez","21100","2","13","1996","5","Blvd. Benito Juárez y Calle de la Normal ND",NA,NA,NA,"",32.631316666667,-115.44463055556,"2016-11-16","5","",""
371,"UABC - Universidad Autónoma de Baja California ","SPABC12",32,"Mexicali","MXC","","","","","","0","0",NA,"0",NA,NA,"2014-12-31","0","Array",NA,NA,"1997-01-02","1","",""
403,"Centro de bachillerato","SPABC13",32,"Mexicali","MXC","","","","","","0","0",NA,"0",NA,NA,"2002-06-12","0","",NA,NA,"1997-01-03","1","",""
39,"COBACH","SPABC14",32,"Mexicali","MXC","H. Colegio militar","s/n","","Marta Welch","21179","2","13","1997","3","H. Colegio militar ND",NA,"2014-12-31","0","",32.639722222222,-115.50638888889,"1997-01-06","5","",""
40,"Progreso","SPABC15",32,"Mexicali","MXC","Carr. Santa Isabel ","s/n","s/n"," Col. Progreso","","0","0","1996","6","Carr. Santa Isabel ND Col. Progreso",NA,NA,"9","",32.582777777778,-115.58333333333,NA,"1","",""
370,"Centro de Salud","SPABC15",32,"Mexicali","MXC","","","","","","0","0",NA,"0",NA,NA,NA,NA,"",32.582777777778,-115.58333333333,NA,"1","",""
402,"Campestre","SPABC18",32,"Mexicali","MXC","Av. Conalep ","",""," Ejido Puebla","","2","13",NA,"0",NA,NA,"2014-12-31","0","",34.57,-115.34888888889,"2005-07-01","1","",""
41,"CESPM","SPABC19",32,"Mexicali","MXC","Av. Del Polen","s/n","","Xochimilco","21354","2","13","2010","5","Av. Del Polen ND Col. Xochimilco",NA,"2014-12-31","0","",32.603638888889,-115.48594444444,"2011-12-31","5","",""
366,"Comisión Estatal","SPABC19",32,"Mexicali","MXC",NA,NA,NA,NA,NA,NA,NA,NA,NA,NA,NA,"2014-12-31","0",NA,19.489583333333,-98.801083333333,"2011-12-31","1",NA,NA
42,"UPBC","SPABC22",32,"Mexicali","MXC","Calle de la Claridad ","s/n","s/n"," Plutarco Elías Calles"," 2137","2","13","2010","9","Calle de la Claridad ND, Colonia Plutarco Elías Calles, en Mexicali, Baja California, CP. 21376",NA,NA,NA,"",32.625972222222,-115.37575,NA,"5","",""
372,"Universidad Politécnica de Baja California ","SPABC22",32,"Mexicali","MXC",NA,NA,NA,NA,NA,NA,NA,NA,NA,NA,NA,"2014-12-31","0",NA,19.489583333333,-98.801083333333,"2011-12-31","1",NA,NA
234,"Tecnológico","TEC",114,"Minatitlán","MIN","Blvd. Institutos Tecnológicos","",""," Buena Vista","96848","30","2190","2013","22","Av. Instituto Tecnológico ND, Colonia Buena Vista, C.P. 96848, Minatitlán, Veracruz",NA,"2014-12-31","0","https://www.youtube.com/embed/UjrHNRR7W7s",18.005675,-94.555336111111,"2013-01-01","8","https://www.google.com.mx/maps/@19.5362484,-96.9310575,3a,75y,341.28h,94.85t/data=!3m6!1e1!3m4!1stNpZa4nAdFlf6L8-mp-RVQ!2e0!7i13312!8i6656",""
305,"Jurisdicción Sanitaria","JUR",124,"Monclova","MON","Blvd. Francisco I. Madero ","4","","Guadalupe, Edificio de la Jurisdicción Sanitaria ","","5","50",NA,"0",NA,NA,NA,NA,"",26.908194444444,-101.427,"2016-07-26","1","",""
141,"Obispado","CE",72,"Monterrey","MTY","5 DE MAYO (Interior de los patios de Agua y Drenaje de Monterrey)","2001","","NUEVO OBISPADO","64040","19","986","1992","560","Matamoros 1717 Poniente, Col. Obispado, Monterrey, Nuevo León.",NA,"2014-12-31","0","https://youtu.be/xeUMzS3TOoU",25.675833333333,-100.33833333333,"1997-01-01","1","https://www.google.com.mx/maps/place/25%C2%B040'33.0%22N+100%C2%B020'18.0%22W/@25.6762463,-100.338486,3a,75y,234.58h,90t/data=!3m6!1e1!3m4!1sc3D_qeCmtN4kPAf0Q0-95A!2e0!7i13312!8i6656!4m5!3m4!1s0x0:0x0!8m2!3d25.6758333!4d-100.3383333",""
144,"Escobedo","N",72,"Monterrey","MTY","PARIS CASI ESQUINA CON AV. UNIÓN","S/N","","SANTALUZ","66070","19","968","2009","528","Av. Unión y calle Barcelona, Col. Fraccionamiento Santa Luz, General Escobedo, Nuevo León.",NA,"2014-12-31","0","",25.800555555556,-100.34444444444,"2009-12-22","1","https://www.google.com.mx/maps/@25.8005833,-100.3443351,3a,75y,3.59h,74.94t/data=!3m6!1e1!3m4!1sX_m78oWau0zTYAdEKJ58_g!2e0!7i13312!8i6656",""
425,"Universidad","N2",72,"Monterrey","MTY","","","","","","0","0",NA,"517",NA,NA,NA,NA,"",25.73,-100.30972222222,"2018-01-29","1","",""
142,"San Nicolás","NE",72,"Monterrey","MTY","ANTONIO SOTO Y GAMMA  ESQ. CON ALAMO","S/N","","UNIDAD LABORAL SECTOR 2","66440","19","993","1992","476","Antonio Soto y Gamma esq. Artículo 123, Col. Unidad Laboral, San Nicolás de los Garza, Nuevo León",NA,"2014-12-31","0","https://www.youtube.com/embed/mlNxyve8vkI",25.745277777778,-100.255,"1997-01-01","1","https://www.google.com.mx/maps/place/25%C2%B044'43.0%22N+100%C2%B015'18.0%22W/@25.7454251,-100.2548896,3a,75y,270.47h,90t/data=!3m7!1e1!3m5!1sjoyt7h2hnF9mCtpVhDl5Dg!2e0!6s%2F%2Fgeo1.ggpht.com%2Fcbk%3Fpanoid%3Djoyt7h2hnF9mCtpVhDl5Dg%26output%3Dthumbnail%26",""
146,"Apodaca","NE2",72,"Monterrey","MTY","MARIANO ABASOLO (ENTRE ESCOBEDO Y PORFIRIO DÍAZ)","103","","CENTRO","66000","19","953","2011","432","Calle Abasolo No. 103, Col. Centro Entre Escobedo y Porfirio Díaz, Apodaca N. L.",NA,"2014-12-31","0","https://www.google.com.mx/maps/place/25%C2%B046'38.0%22N+100%C2%B011'18.0%22W/@25.7773139,-100.1882086,3a,75y,13.78h,90t/data=!3m7!1e1!3m5!1sI5ZR_uZpIES3PUOSy-M7iA!2e0!6s%2F%2Fgeo2.ggpht.com%2Fcbk%3Fpanoid%3DI5ZR_uZpIES3PUOSy-M7iA%26output%3Dthumbnail%26c",25.777222222222,-100.18833333333,"2011-12-31","1","https://www.google.com.mx/maps/place/25%C2%B046'38.0%22N+100%C2%B011'18.0%22W/@25.7773139,-100.1882086,3a,75y,4.55h,90t/data=!3m7!1e1!3m5!1sI5ZR_uZpIES3PUOSy-M7iA!2e0!6s%2F%2Fgeo2.ggpht.com%2Fcbk%3Fpanoid%3DI5ZR_uZpIES3PUOSy-M7iA%26output%3Dthumbnail%26cb",""
140,"San Bernabé","NO",72,"Monterrey","MTY","Tucumán esquina con Chacabuco (Patios de Metrorrey)","S/N","","San Bernabé V","64217","19","986","1992","571","Av. Solidaridad al Poniente y calle Bemitr Col. San Bernabé, Monterrey, Nuevo León.",NA,"2014-12-31","0","",25.756944444444,-100.36583333333,"1997-01-01","1","https://www.google.com.mx/maps/@25.7569132,-100.3656255,3a,75y,244.37h,95.03t/data=!3m6!1e1!3m4!1sFsyD0rvS-XhGxgxet3CcEw!2e0!7i13312!8i6656",""
145,"García","NO2",72,"Monterrey","MTY","SIERRA REAL Y SIERRA GARCIA","","","FRACCIONAMIENTO SIERRA REAL","66004","19","965","2009","716","Sierra Real y Sierra García, Col. Fraccionamiento Sierra Real, García Nuevo León",NA,"2014-12-31","0","https://youtu.be/AaDk01wtuZc",25.783333333333,-100.58583333333,"2009-08-01","1","https://www.google.com.mx/maps/place/25%C2%B047'00.0%22N+100%C2%B035'09.0%22W/@25.7835139,-100.5860498,3a,75y,129.59h,90t/data=!3m7!1e1!3m5!1s__fC8mUsC7n8HmZWf4TzkQ!2e0!6s%2F%2Fgeo3.ggpht.com%2Fcbk%3Fpanoid%3D__fC8mUsC7n8HmZWf4TzkQ%26output%3Dthumbnail%26",""
143,"La Pastora","SE",72,"Monterrey","MTY","AV. ELOY CAVAZOS Y PABLO LIVAS (Interior Parque Zoológico ","S/N","","PASTORA","67140","19","973","1992","492","Av. Eloy Cavazos y Pablo Livas, Col. Pastora, Guadalupe, Nuevo León.",NA,"2017-08-31","0","https://youtu.be/KWB50pAMVrY",25.668055555556,-100.24944444444,"1997-01-01","1","https://www.google.com.mx/maps/place/25%C2%B040'05.0%22N+100%C2%B014'58.0%22W/@25.665256,-100.2478174,3a,75y,90t/data=!3m7!1e1!3m5!1sjb2243feHlhVwdXex4uwmA!2e0!6s%2F%2Fgeo3.ggpht.com%2Fcbk%3Fpanoid%3Djb2243feHlhVwdXex4uwmA%26output%3Dthumbnail%26cb_client",""
147,"Juárez","SE2",72,"Monterrey","MTY","LAZARO GARZA AYALA ESQUINA CON GRAL. SANTIAGO TAPIA (Azotea DIF)","S/N","","CENTRO","67250","19","978","2012","387","Lázaro Garza Ayala # 215, cruz con Guerrero Centro de Juárez, N. L",NA,"2014-12-31","0","",25.646111111111,-100.09555555556,"2011-12-31","1","",""
424,"Cadereyta","SE3",72,"Monterrey","MTY","Campesina cruz con Vicente Guerrero, ","","","Jerónimo Treviño 2do. Sector","67483","19","956",NA,"336",NA,NA,NA,NA,"",25.600555555556,-99.994166666667,"2018-02-06","1","",""
139,"Santa Catarina","SO",72,"Monterrey","MTY","JOSÉ M. MORELOS (Azotea de Servicios Públicos de Sta. Catarina) Entre Colegio de Niñas y Guerrero","333","","CENTRO","66350","19","995","1992","694","Calle José Ma. Morelos y Pavón, cruz con Vicente Guerrero y Colegio de Niñas, Col. Centro, Santa Catarina N.L.",NA,"2014-12-31","0","",25.675555555556,-100.46472222222,"1997-01-01","1","",""
148,"San Pedro","SO2",72,"Monterrey","MTY","GRAL. GARZA AYALA ESQUINA CON DIEGO SALDÍVAR (Azotea de Gimnasio CDI San Pedro)","1001","","Fraccionamiento Los Sauces ","66280","19","966","2012","636","Gral. Garza Ayala y Diego Saldívar, Frac,. Los Sauces San Pedro Garza García, N.L",NA,"2014-12-31","0","",25.665277777778,-100.41277777778,"2013-12-31","1","",""
426,"Pueblo Serena","SUR",72,"Monterrey","MTY","Carretera Nacional","500","","Valle Alto","64989","19","986",NA,"617",NA,NA,NA,NA,"",25.575277777778,-100.24916666667,"2018-03-09","1","",""
388,"Palacio Municipal","ECH",66,"Morelia","MRA","","","","","","0","0",NA,"0",NA,NA,"2014-12-31","0","Array",19.701388888889,-101.195,"2018-03-02","1","",""
129,"Universidad Michoacana de San Nicolás Hidalgo","ECU",66,"Morelia","MRA","Gral. Francisco J. Mugica ,Ciudad Universitaria","","","Fraccionamiento Real Universidad","58030","0","0","2012","0","Edificio Anexo al J, Laboratorio de Materiales en Ciudad Universitaria, UMSNH.",NA,NA,NA,"",19.690461111111,-101.20478888889,"2013-07-01","1","https://www.google.com.mx/maps/@19.6911475,-101.2045962,3a,75y,246.82h,80.49t/data=!3m6!1e1!3m4!1swNYKHr8uRiY1cJE1rjevsw!2e0!7i13312!8i6656",NA
131,"Laboratorio de Salud","LAB",66,"Morelia","MRA","Las Américas","S/N","S/N","Las Américas","58270","16","834",NA,"1942",NA,NA,NA,NA,"https://youtu.be/uI_jNQ5U9jc",19.691977777778,-101.15547222222,"2015-09-01","1","",""
130,"Palacio Municipal","PMN",66,"Morelia","MRA","","","","","","0","0","2005","1921","Allende 403 Centro Histórico C. P. 58000",NA,"2014-12-31","0","juanma",19.701388888889,-101.195,"2014-01-01","1","",""
354,"Dirección de Ecología Municipal","MOR",132,"Moroleon","MRL","","","","","","0","0",NA,"0",NA,NA,NA,NA,"",20.131944444444,-101.18833333333,NA,"1","https://www.google.com.mx/maps/@21.0015105,-100.3849158,3a,75y,154.11h,94.56t/data=!3m6!1e1!3m4!1szqMK42x_iL6_MSjd3FN2ng!2e0!7i13312!8i6656",""
114,"ACS","ACS",64,"Municipio de Juárez","CJU","","","","","","0","0",NA,"0",NA,NA,NA,NA,"",31.752777777778,-106.50111111111,NA,"1","",""
112,"ADVANCE","ADV",64,"Municipio de Juárez","CJU","","","","","","0","0",NA,"0",NA,NA,"2014-12-31","0","",31.689722222222,-106.45972222222,"1997-01-01","1","",NA
115,"ANAPRA","ANA",64,"Municipio de Juárez","CJU","","","","","","0","0",NA,"0",NA,NA,NA,"0","",31.775,-106.56027777778,NA,"1","",""
118,"BABICORA","BABI",64,"Municipio de Juárez","CJU","","","","","","0","0",NA,"0",NA,NA,NA,"0","",31.645,-106.38394444444,NA,"1","",""
119,"BENITO JUÁREZ","BEJ",64,"Municipio de Juárez","CJU","","","","","","0","0",NA,"0",NA,NA,NA,NA,"",31.656666666667,-106.35805555556,NA,"1","",""
120,"CHAMIZAL","CHA",64,"Municipio de Juárez","CJU","","","","","","0","0",NA,"0",NA,NA,NA,NA,"",31.755,-106.45958333333,NA,"1","",NA
111,"CANALES LIRA","CLB",64,"Municipio de Juárez","CJU","","","","","","0","0",NA,"0",NA,NA,"2014-12-31","0","",31.735555555556,-106.50361111111,"1997-01-01","1","",NA
407,"Delphi","DEL",64,"Municipio de Juárez","CJU",NA,NA,NA,NA,NA,NA,NA,NA,NA,NA,NA,NA,NA,NA,NA,NA,"2004-07-01","1",NA,NA
387,"Chihuahua","EPC",64,"Municipio de Juárez","CJU",NA,NA,NA,NA,NA,NA,NA,NA,NA,NA,NA,NA,NA,NA,19.489583333333,-98.801083333333,NA,"1",NA,NA
116,"FEDERAL 3","FED3",64,"Municipio de Juárez","CJU","","","","","","0","0",NA,"0",NA,NA,NA,NA,"",31.728055555556,-106.50361111111,NA,"1","",""
117,"NIÑEZ-MEXICANA","NIM",64,"Municipio de Juárez","CJU","","","","","","0","0",NA,"0",NA,NA,NA,NA,"",31.661111111111,-106.45416666667,NA,"1","",""
386,"Peztalozzi","Pesta",64,"Municipio de Juárez","CJU",NA,NA,NA,NA,NA,NA,NA,NA,NA,NA,NA,NA,NA,NA,19.489583333333,-98.801083333333,NA,"1",NA,NA
121,"TECNO","TEC",64,"Municipio de Juárez","CJU","","","","","","0","0",NA,"0",NA,NA,"2014-12-31","0","",31.717083333333,-106.39633333333,"2009-12-31","1","",NA
113,"ZENCO","ZEN",64,"Municipio de Juárez","CJU","","","","","","0","0",NA,"0",NA,NA,NA,"0","",31.637055555556,-106.44241666667,NA,"1","",""
197,"Instituto Politécnico de la Chontalpa","IPC",96,"Nacajuca","NAC","","","","","","0","0",NA,"0",NA,NA,NA,NA,"Array",18.1755,-93.026833333333,NA,"1","",""
189,"Navojoa","NAV",90,"Navojoa","NAV","","","","","","0","0",NA,"0",NA,NA,NA,NA,"",NA,NA,NA,"1","",NA
187,"Instituto Tecnológico de Nogales","TEC",88,"Nogales","NOG","Av. Instituto Tecnológico","911","","Granja","84065","26","1933",NA,"0",NA,"2014-09-01",NA,"9","Array",31.293111111111,-110.95230555556,"2014-08-13","3","",""
213,"Bomberos","BOM",104,"Nuevo Laredo","NLD","","","","Nacataz y Juárez","","0","0",NA,"0",NA,NA,NA,NA,"",27.513611111111,-99.556388888889,NA,"1","",""
212,"CBTIS234","CBTIS",104,"Nuevo Laredo","NLD","","","","Revolución e Hidalgo","","0","0",NA,"0",NA,NA,NA,NA,"",27.412222222222,-99.546944444444,NA,"1","",""
214,"IMSS Santa Fé","IMSS",104,"Nuevo Laredo","NLD","","","","Diag. Lauro del Villar","","0","0",NA,"0",NA,NA,NA,NA,"",27.495555555556,-99.549166666667,NA,"1","",""
211,"Tecnológico","TECNL",104,"Nuevo Laredo","NLD","","","","Av. Reforma y Fidel Velázquez","","0","0",NA,"0",NA,NA,NA,NA,"",27.453055555556,-99.515,NA,"1","",""
160,"CEDART","CED",73,"Oaxaca","OAX","Dr. Pardo","2","","Centro","","20","1065",NA,"0",NA,NA,"2014-12-31","0","https://youtu.be/uN3otHOR4Uo",16.699340277778,-96.866455,"2013-02-01","1","/www.google.com.mx/maps/@17.0557031,-96.7248423,3a,75y,199.99h,96.68t/data=!3m6!1e1!3m4!1s_I-SsxfmVzbDLk8ftwwExg!2e0!7i13312!8i6656","https://youtu.be/8SCEZ8XP6UU"
297,"Casa Hogar","CHO",73,"Oaxaca","OAX","Río Sena esquina Río Usumacinta","",""," Santa Rosa Panzacola","","20","1065",NA,"0",NA,NA,NA,NA,"",17.094666666667,-96.752166666667,"2015-08-01","1","/www.google.com.mx/maps/@17.0947115,-96.7520914,3a,75y,224.61h,75.07t/data=!3m6!1e1!3m4!1sSZgMtsBsc5JYv9-T6zoEPw!2e0!7i13312!8i6656",NA
133,"Palacio Municipal","PMNO",68,"Ocuituco","OCU","Plaza Principal","SN","","Tecamachalco","62850","17","910","1999","2220","Plaza principal ND, Barrio Tecamachalco, Ocuituco, Morelos C.P. 62850",NA,"2014-12-31","0","https://www.youtube.com/watch?v=xKn2A0F29Io",18.8775,-98.775555555556,"2013-12-31","1","",""
412,"Presidencia Municipal","PMN",145,"Ojinaga","OJI","","","","","","0","0",NA,"0",NA,NA,NA,NA,"",29.564416666667,-104.41577777778,NA,"1","",""
419,"Protección Civil","PTC",145,"Ojinaga","OJI","","","","","","0","0",NA,"0",NA,NA,NA,NA,"",29.53825,-104.42255555556,NA,"1","",""
418,"Taller de Obras Públicas","TOP",145,"Ojinaga","OJI","","","","","","0","0",NA,"0",NA,NA,NA,NA,"",29.547833333333,-104.40141666667,NA,"1","",""
94,"Casa de la Mujer Hidalguense","CMH",59,"Pachuca","PAC","","","","","","0","0",NA,"0",NA,NA,NA,NA,"",20.123361111111,-98.73675,NA,"1","",""
343,"Cubitos","CUB",59,"Pachuca","PAC",NA,NA,NA,NA,NA,NA,NA,NA,NA,NA,NA,NA,NA,NA,19.489583333333,-98.801083333333,NA,"1",NA,NA
95,"Instituto Tecnológico de Pachuca","ITP",59,"Pachuca","PAC","","","","","","0","0",NA,"0",NA,NA,NA,NA,"",20.083083333333,-98.773472222222,NA,"1","",""
92,"Jardín del Maestro","JDN",59,"Pachuca","PAC","Avenida Benito Juarez","S/N","","Centro","42082","13","495","2009","0","Av. Juárez ND, col. Centro Pachuca, entre calle Manuel Dublan y Gral. Ignacio Mejía","2016-01-31","2015-12-31","0","https://youtu.be/VyYBFtR5tfs",20.120555555556,-98.74,"2012-03-28","1","","https://youtu.be/drQOqybG25k"
93,"Museo del Rehilete","REH",59,"Pachuca","PAC","Blvd. Felipe Ángeles Km. 84.5","S/N","S/N","Colonia Carlos Rovirosa","C.P.","13","495","2011","0","Antigua Carretera México - Pachuca Km 84.5, Venta Prieta, 42080 Pachuca, Hidalgo",NA,"2015-12-31","0","https://youtu.be/-UCvXs23mxc",20.077222222222,-98.777972222222,"2012-12-31","1","","https://youtu.be/6ra7Cr2RQBQ"
198,"Universidad Politécnica del Golfo de México","UPGM",97,"Paraíso","PAR","Carretera Federal Malpaso-El Bellote","km. 171.","","Ejido Monte Adentro","86600","27","1976",NA,"0",NA,NA,NA,NA,"",18.368611111111,-93.196111111111,NA,"1","",""
306,"Centro de Rehabilitación DIF","DIF",125,"Piedras Negras","PDS","Avenida 16 de Septiembre","218","","Las Fuentes ","","5","70",NA,"0",NA,NA,NA,NA,"",28.707666666667,-100.5265,"2016-02-09","1","",""
291,"Universidad Veracruzana","PR-03",120,"Poza Rica","POZ","","","","","","0","0",NA,"0",NA,NA,NA,NA,"",20.508972222222,-97.446986111111,"2016-01-01","8","",""
163,"Benemérito Instituto Normal del Estado","BINE",74,"Puebla","PUE","Av. Hermanos Serdán","203","S/N","Valle del Rey","2172","0","0","2000","0","Av. Hermanos Serdán 203, Col. Valle del Rey, Puebla, Pue;",NA,"2014-12-31","0","",19.062722222222,-98.224527777778,"2013-12-31","1",NA,NA
162,"Las Ninfas","NIN",74,"Puebla","PUE","Calle 23 poniente entre 15 y 17 Sur.","S/N","S/N","Colonia Santiago","72410","21","1682","2000","2144","Calle 23 poniente entre 15 y 17 Sur; Col. Santiago",NA,"2014-12-31","0","",19.041388888889,-98.214222222222,"2000-08-01","1","",""
161,"Agua Santa","STA",74,"Puebla","PUE","Avenida 11 Sur y 121 Poniente","S/N","","Colonia Agua Santa","72490","21","1682","2000","2115","Avenida 11 Sur y 121 Poniente; Col. Agua Santa.","2015-01-31","2014-12-31","0","",18.987583333333,-98.250388888889,"2000-08-01","1","",""
164,"Universidad Tecnológica de Puebla","UTP",74,"Puebla","PUE","Mariano Escobedo y Francisco I. Madero","S/N","S/N","Col. Joaquin Colombres;","72300",NA,NA,"2000","2207","Mariano Escobedo y Francisco I. Madero Col. Joaquín Colombres.",NA,"2014-12-31","0","",19.071888888889,-98.151722222222,"2013-12-31","1",NA,NA
406,"Universidad Tecnológica de Puebla","UTP",74,"Puebla","PUE","","","","","","0","0",NA,"0",NA,NA,"2009-12-21","0","",19.071888888889,-98.151722222222,"2000-08-01","1","",""
165,"Velódromo","VEL",74,"Puebla","PUE","","","","","","0","0",NA,"0",NA,NA,"2014-12-31","0","",18.987361111111,-98.277944444444,"2013-05-31","1","https://www.google.com.mx/maps/@19.1158505,-98.2773918,3a,25.5y,267.24h,90.39t/data=!3m6!1e1!3m4!1stdp35H8iEMwsF5ALYuv-ag!2e0!7i13312!8i6656",NA
191,"Puerto Peñasco","PPE",92,"Puerto Peñasco","PPE","","","","","","0","0",NA,"0",NA,NA,NA,NA,"",NA,NA,NA,"1","",NA
423,"Purísima del Rincón","PUR",149,"Purísima del Rincón","PUR","","","","","","0","0",NA,"0",NA,NA,NA,NA,"",NA,NA,"2017-06-07","8","",""
215,"Reynosa1","REY1",105,"Reynosa","REY","","","","","","0","0",NA,"0",NA,NA,NA,NA,"",26.0625,-98.330277777778,NA,"1","",NA
216,"Reynosa2","REY2",105,"Reynosa","REY","","","","","","0","0",NA,"0",NA,NA,NA,NA,"",26.038611111111,-98.390833333333,NA,"1","",NA
217,"Reynosa3","REY3",105,"Reynosa","REY","","","","","","0","0",NA,"0",NA,NA,NA,NA,"",26.056666666667,-98.325277777778,NA,"1","",NA
218,"Reynosa4","REY4",105,"Reynosa","REY","","","","","","0","0",NA,"0",NA,NA,NA,NA,"",26.0575,-98.335555555556,NA,"1","",NA
43,"Rosarito","SPABC04",33,"Rosarito","ROS","Calle La Presa ","s/n","","Machado Sur","22710","2","16","1996","16","Calle La Presa ND Rosarito B. C.",NA,NA,"0","",32.353055555556,-117.05611111111,"2000-01-01","5","",""
374,"Rosarito","SPABC04",33,"Rosarito","ROS",NA,NA,NA,NA,NA,NA,NA,NA,NA,NA,NA,"2014-12-31","0",NA,19.489583333333,-98.801083333333,"2000-01-01","1",NA,NA
77,"Cruz roja","CR",48,"Salamanca","SAL","","","","","","0","0","1998","1721","Av. Faja de Oro Esq. Con Ezequiel Ordoñez, Col. Bellavista, Salamanca, Guanajuato, C.P. 36730","2016-01-01","2015-12-31","0","",20.578611111111,-101.19888888889,"2000-01-01","1","https://www.google.com.mx/maps/place/20%C2%B033'29.0%22N+101%C2%B012'17.0%22W/@20.5581447,-101.2047014,3a,75y,275.23h,101.04t/data=!3m7!1e1!3m5!1sFjhwncy0RJ5-xciY4BaMTw!2e0!6s%2F%2Fgeo0.ggpht.com%2Fcbk%3Fpanoid%3DFjhwncy0RJ5-xciY4BaMTw%26output%3Dthumbnai","https://www.youtube.com/embed/9Nnk9ElncYs"
78,"DIF","DIF",48,"Salamanca","SAL","","","","","","0","0","2001","1721","Calle Rosario Castellanos No. 103, Col. Guanajuato, Salamanca, Guanajuato, C.P. 36780","2016-07-31","2015-12-31","0","",20.558055555556,-101.20472222222,"2000-09-01","1","","https://www.youtube.com/embed/34Hmv3p5IX8"
79,"Nativitas","NAT",48,"Salamanca","SAL","","","","","","0","0","2002","1721","Av. Juárez No. 1198, Col. Nativitas, Salamanca, Guanajuato","2016-01-31","2015-12-31","0","",20.565,-101.18805555556,"2002-03-20","1","https://www.google.com.mx/maps/@20.55825,-101.2047323,3a,75y,235.62h,91.91t/data=!3m6!1e1!3m4!1sd_5J6HOAcvpW6yMgymHeKQ!2e0!7i13312!8i6656","https://www.youtube.com/embed/TF3LBOZJ5Gs"
304,"Finanzas","FIN",123,"Saltillo","SLW","Emilio Castelar ","150","","Zona Centro, Edificio de la Secretaria de Finanzas","","5","62",NA,"0",NA,NA,NA,NA,"",25.421472222222,-100.99686111111,"2016-07-28","1","",""
417,"Salvador Alvarado","PM10SA",84,"Salvador Alvarado","SAA","Blvd. Antonio Rosales y Francisco Villa ","","","Centro ","","25","1887",NA,"0",NA,NA,NA,NA,"",25.456944444444,-108.08091666667,NA,"1","",""
183,"Ayuntamiento","PMN",84,"Salvador Alvarado","SAA","","","","","","0","0",NA,"0",NA,NA,NA,NA,"",25.456944444444,-108.08091666667,NA,"1","",NA
357,"Dirección de Ecología Municipal","SFR",135,"San Francisco del Rincón","SFR","","","","","","0","0",NA,"0",NA,NA,NA,NA,"",21.020555555556,-101.85333333333,NA,"1","",""
361,"Presidencia Municipal","SJI",139,"San José Iturbide","SJI","","","","","","0","0",NA,"0",NA,NA,NA,NA,"",20.998888888889,-100.38527777778,NA,"1","https://www.google.com.mx/maps/@21.0212095,-101.8512852,3a,50.1y,44.18h,103.25t/data=!3m6!1e1!3m4!1sqGM6Onl52iZzd5WUwEv4xg!2e0!7i13312!8i6656",""
410,"UMMASJR","UMMASJR",146,"San Juan del Rio","SJR","","","","","","0","0",NA,"0",NA,NA,NA,NA,"",20.389444444444,-99.972972222222,NA,"1","",NA
358,"Presidencia Municipal","SLP",136,"San Luis de la Paz","SPZ","","","","","","0","0",NA,"0",NA,NA,NA,NA,"https://www.youtube.com/embed/Y4tTBpPeeRQ",21.295861111111,-100.52330555556,"2017-06-01","1","https://www.google.com.mx/maps/place/21%C2%B017'45.1%22N+100%C2%B031'23.9%22W/@21.2967294,-100.5244304,3a,56.6y,180.96h,109.1t/data=!3m6!1e1!3m4!1sf__sFWuJBqkKAQEHVQCklg!2e0!7i13312!8i6656!4m5!3m4!1s0x0:0x0!8m2!3d21.295875!4d-100.5233051","https://www.youtube.com/embed/5YFRRDhuIrk"
174,"Biblioteca","BIB",79,"San Luis Potosí Estatal","SLP","Calle 3 ","","","Industrial Aviación ","78140","24","1842",NA,"0",NA,"2016-06-03",NA,"2","",22.174222222222,-100.99308333333,"2012-01-01","1","","https://www.youtube.com/embed/JTijHCF6R_Q"
172,"DIF","DIF",79,"San Luis Potosí Estatal","SLP","Av. de las Artes esquina Xicotencatl","1650","","Himno Nacional","78280","24","1842",NA,"0",NA,NA,NA,NA,"",22.13175,-100.97691666667,"2017-03-17","1","",""
173,"Facultad Psicología","FPS",79,"San Luis Potosí Estatal","SLP","De los Talleres","186","","Valle Dorado","78399","24","1842",NA,"0",NA,NA,NA,NA,"",22.144444444444,-100.94861111111,"2009-06-30","1","","https://www.youtube.com/embed/fBgmD_HdkNg"
171,"Industriales Potosinos Asociados","IPAC",79,"San Luis Potosí Estatal","SLP","Amado Nervo","316","","Tequisquiapan","78237","24","1842",NA,"0",NA,NA,"2009-12-31","0","",22.15125,-100.99611111111,"2006-01-01","1","","https://www.youtube.com/embed/R5CsHC4Xqu8"
190,"San Luis Río Colorado","SLR",91,"San Luis Río Colorado","SLR","","","","","","0","0",NA,"0",NA,NA,NA,NA,"",NA,NA,NA,"1","",NA
352,"Presidencia Municipal","PRE-SMA",130,"San Miguel de Allende","SMA","","","","","","0","0",NA,"0",NA,NA,NA,NA,"",NA,NA,"2017-06-07","8","",""
351,"CAISES","SMA",130,"San Miguel de Allende","SMA","","","","","","0","0",NA,"0",NA,NA,NA,NA,"",20.895555555556,-100.75416666667,NA,"1","",""
224,"Quilehtla","SCQ",111,"Santa Cruz Quilehtla","SCQ"," Santa Cruz ","","","","","29","2048","2006","0","Presidencia Municipal Santa Cruz Quilehtla, Tlaxcala",NA,NA,NA,"",19.213611111111,-98.222222222222,NA,"1","https://www.google.com.mx/maps/@27.4532558,-99.5178084,3a,45.8y,336.5h,93.28t/data=!3m6!1e1!3m4!1s2qtgA-cSx1Jw3D7fbmh2lw!2e0!7i13312!8i6656",""
170,"Bomberos","BOM",78,"Santiago de Querétaro","SQ","Ignacio Zaragoza","90","","Centro","","22","1799","2009","1817","Ignacio Zaragoza 90, Col Centro, Santiago de Querétaro, Qro.",NA,"2014-12-31","0","",20.587222222222,-100.39472222222,"2013-12-31","1","https://www.google.com.mx/maps/place/Calle+Ignacio+Zaragoza+90,+Centro,+76000+Santiago+de+Quer%C3%A9taro,+Qro./@20.5873503,-100.3948167,3a,60y,318.06h,89.61t/data=!3m7!1e1!3m5!1sDgv5xfmbs1ZE8cn0KEkNIg!2e0!6s%2F%2Fgeo1.ggpht.com%2Fcbk%3Fpanoid%3DDgv5xfmbs1","https://www.youtube.com/embed/nmsR8BQKtAg"
168,"Epigmenio González","EPG",78,"Santiago de Querétaro","SQ","Tláloc","100","","Tláloc","","22","1799","2009","1897","Tláloc 100, Col. San Pablo Santiago de Querétaro, Qro.",NA,"2014-12-31","0","",20.627625,-100.40876666667,"2013-12-31","1","https://www.google.com.mx/maps/place/Calle+Tl%C3%A1loc+100,+Desarrollo+San+Pablo,+76125+Santiago+de+Quer%C3%A9taro,+Qro./@20.6276918,-100.4086562,3a,90y,238.18h,103.98t/data=!3m6!1e1!3m4!1s2G6afPF9OKfIHNBIzHQjSA!2e0!7i13312!8i6656!4m13!1m7!3m6!1s0x85d35af",NA
169,"Félix Osores","FEL",78,"Santiago de Querétaro","SQ","Av. De la Luz","602","","Cerrito Colorado","","22","1799","2009","1861","Av. De la Luz No. 602, Col. Cerrito Colorado, Santiago de Querétaro, Qro.",NA,"2014-12-31","0","",20.635125,-100.45924722222,"2013-12-31","1","https://www.google.com.mx/maps/place/20%C2%B038'06.5%22N+100%C2%B027'33.3%22W/@20.6350871,-100.4591899,3a,75y,214.05h,105.77t/data=!3m7!1e1!3m5!1s1ZfmsoGEqFsKjsvR3plrNA!2e0!6s%2F%2Fgeo2.ggpht.com%2Fcbk%3Fpanoid%3D1ZfmsoGEqFsKjsvR3plrNA%26output%3Dthumbnai","https://www.youtube.com/embed/5CXCCrtMop4"
408,"UMMA1","UMMA1",78,"Santiago de Querétaro","SQ","","","","","","0","0",NA,"0",NA,NA,NA,NA,"",20.61475,-100.42430555556,NA,"1","","https://www.youtube.com/embed/dn-J6hLa42o"
409,"UMMA2","UMMA2",78,"Santiago de Querétaro","SQ","","","","","","0","0",NA,"0",NA,NA,NA,NA,"",20.584805555556,-100.37752777778,NA,"1","","https://www.youtube.com/embed/YMVKwQeS0CE"
80,"Hospital General","HG",49,"Silao","SIL","","","","","","0","0","2006","1780","Miguel Hidalgo No. 40, Col. Zona Centro, Silao, Guanajuato, C.P. 36100",NA,"2014-12-31","0","https://www.youtube.com/embed/PBTOl-MyI6Y",20.947777777778,-101.42583333333,"2005-09-23","1","","https://www.youtube.com/embed/w9HEgws3zXo"
219,"Estación de Policía","POL",106,"Tampico","TAM","","","","","","0","0",NA,"0",NA,NA,NA,NA,"",22.381666666667,-97.909722222222,NA,"1","",""
199,"Universidad Politécnica del Centro","UPC",98,"Teapa","TPA","","","","","","0","0",NA,"0",NA,NA,NA,NA,"",17.8095,-92.925944444444,NA,"1","",""
44,"Tecate","SPABC23",34,"Tecate","TKT","Calzada Universidad","#1 ","","San Fernando","21460","2","14","2010","516","Calzada Universidad #1 Col. San Fernando, Tecate B. C. cp. 21460",NA,NA,"9","",32.568825,-116.62688055556,NA,"5","",""
379,"Tecate","SPABC23",34,"Tecate","TKT","Calzada Universidad","1","","San Fernando","21460","2","14",NA,"516",NA,NA,NA,NA,"",32.568825,-116.62688055556,"2004-05-01","1","",""
84,"Estación de Bomberos de Cd. Sahagún","TEP",53,"Tepeapulco","TEP","Avenida Domingo Muñoz Chimalpain ","S/N","S/N ","Colonia Salvador Allende","C.P.","13","508",NA,"0",NA,NA,NA,NA,"https://youtu.be/2Pg4Ds1ybWk",19.771694444444,-98.577694444444,"2016-03-01","1","","https://youtu.be/wcBnZQ6HFds"
87,"Primaria Melchor Ocampo","TPJ",56,"Tepeji","TPJ","","","","","","0","0","2010","0","Calle Jardín Hidalgo ND Tepeji de Ocampo Centro, Tepeji del Río",NA,NA,NA,"",19.905555555556,-99.346944444444,"2015-06-25","1","",NA
86,"Presidencia Municipal Tepetitlán","TPT",55,"Tepetitlán","TPT","","","","","","0","0",NA,"0",NA,NA,NA,NA,"",20.186361111111,-99.380361111111,NA,"1","",""
137,"Primaria Julián Gascón Mercado","PRIM",71,"Tepic","TPC","Acacia ","189","","San Juan ","63130","0","0",NA,"0",NA,NA,NA,NA,"",21.509805555556,-104.91018055556,"2015-01-01","5","https://www.google.com.mx/maps/@21.5098647,-104.9099848,3a,75y,271.42h,95.84t/data=!3m6!1e1!3m4!1slJ0Emdp4coENh8Bph2457A!2e0!7i13312!8i6656","https://www.youtube.com/embed/XziwRe03AKY"
138,"SEMANAY","SRIA",71,"Tepic","TPC","","","","","","0","0","2010","0","Av. México 343 Sur Col San Antonio, Tepic, Nayarit",NA,NA,NA,"",21.509833333333,-104.896,NA,"1","",""
136,"Tecnológico de Tepic","TEC",71,"Tepic","TPC","Av. Tecnologico","2595","","Lagos del Country","63165","18","944",NA,"0",NA,"2010-10-01",NA,NA,"",21.478177777778,-104.86774166667,"2015-01-01","5","","https://www.youtube.com/embed/2kjT4cjfneA"
404,"Centro de Salud","CEN",35,"Tijuana","TIJ",NA,NA,NA,NA,NA,NA,NA,NA,NA,NA,NA,NA,NA,NA,NA,NA,NA,"1",NA,NA
48,"COLEF","COLEF",35,"Tijuana","TIJ","","","","","","0","0","1997","26","Blvd. Abelardo L. Rodríguez # 2925, Zona Rio, Tijuana, Baja California",NA,NA,"12","",32.519444444444,-117.51944444444,NA,"1","",""
405,"Las Playas","PLA",35,"Tijuana","TIJ","","","","","","0","0",NA,"0",NA,NA,"2014-12-31","0","",NA,NA,"1997-01-07","1","",""
45,"Tecnológico","SPABC01",35,"Tijuana","TIJ","Calzada Tecnológico ","S/N","","Tomas Aquino","22414","2","15","1995","152","Calzada Tecnológico ND Fracc. Tomas Aquino cp. 22414",NA,NA,"0","",32.531008333333,-116.98602777778,"1997-01-07","5","",""
376,"Instituto Tecnológico de Tijuana ","SPABC01",35,"Tijuana","TIJ","Calzada Tecnologico","SN","","Fracc. Tomas Aquino","22414","2","15",NA,"152",NA,NA,"2014-12-31","0","",32.530988888889,-116.98601111111,"1997-01-07","5","",""
47,"La Mesa","SPABC03",35,"Tijuana","TIJ","C. Cajeme","S/N","","Fracc. Cortes","22460","2","15","1995","72","c. Cajeme ND Fracc. Cortes, La mesa, Tijuana. Cp. 22460 catastral BI-117-001",NA,NA,"0","",32.4975,-116.97694444444,"1997-01-07","5","",""
378,"La Mesa","SPABC03",35,"Tijuana","TIJ",NA,NA,NA,NA,NA,NA,NA,NA,NA,NA,NA,"2014-12-31","0",NA,19.489583333333,-98.801083333333,"1997-01-07","1",NA,NA
375,"Colegio de la Frontera","SPABC16",35,"Tijuana","TIJ","","","","","","0","0",NA,"0",NA,NA,NA,NA,"",32.519666666667,-117.01161111111,NA,"1","",""
46,"Laboratorio","SPABC21",35,"Tijuana","TIJ","Calle Dos Oriente","s/n","","Ciudad Industrial Nueva Tijuana","22454","2","15","2011","120","Calle Dos Oriente ND Esq. Con calle Nueve Sur Ciudad Industrial Nueva Tijuana  cp. 22454",NA,NA,NA,"",32.529461111111,-116.92128055556,"2015-07-10","5","",""
377,"Laboratorio","SPABC21",35,"Tijuana","TIJ",NA,NA,NA,NA,NA,NA,NA,NA,NA,NA,NA,NA,NA,NA,19.489583333333,-98.801083333333,NA,"1",NA,NA
96,"Biblioteca","TIZ",60,"Tizayuca","TIZ","Calle Ignacio Rodríguez Galván","No. 4A ",""," colonia Centro","43800","13","516","2010","0","Allende No.23, Barrio Pedregal, Col Centro, Tizayuca",NA,"2015-12-31","0","https://youtu.be/T-72cPN9GFs",19.840583333333,-98.981333333333,"2012-12-31","1","","https://youtu.be/41cA-UPJXRc"
220,"Palacio de Gobierno","PGO",107,"Tlaxcala","TLAX","Plaza de la Constitución","3","","Centro","90000","29","2055","2006","0","Plaza de la constitución No, 3, Tlaxcala, Tlax.","2017-12-31",NA,NA,"",19.317583333333,-98.237305555556,"2016-12-01","8","",""
88,"Centro de Salud","TCP",57,"Tlaxcoapan","TLX","","","","","","0","0",NA,"0",NA,NA,NA,NA,"",20.186361111111,-99.228416666667,NA,"1","",""
122,"Aeropuerto","AP",65,"Toluca","TLC","Enedino Arevalo Alanis, esq. Boulevard Miguel Alemán","s/n","","Parque Industrial Exportec II, San Pedro Totoltepe","54080","0","0","2010","2593","Centro Nacional de Capacitación y Adiestramiento de la Cruz Roja Mexicana: Blvd. Miguel Alemán ND, Col. San Pedro Totoltepec, Toluca, Estado de México, C.P. 54080",NA,"2014-12-31","0","https://www.youtube.com/embed/qPzF2wnbmyg",19.334558333333,-99.573972222222,"1997-01-01","1","https://www.google.com.mx/maps/@19.2601759,-99.6457268,3a,75y,51.51h,83.94t/data=!3m6!1e1!3m4!1sTjcusPOmnriUsowK6kKndQ!2e0!7i13312!8i6656",""
123,"Ceboruco","CB",65,"Toluca","TLC","Calle Ceboruco","s/n","","Azteca","50640","0","0","2010","2687","Preparatoria No. 5 de la UAEM, Km. 2.5 carretera a San Felipe Tlalmimilolpan esq. Cerobuco, Metepec, Méx.. C.P. 50640","2015-01-31","2014-12-31","0","https://www.youtube.com/embed/sfabxegU0Fc",19.260305555556,-99.645722222222,"2010-12-31","1","https://www.google.com.mx/maps/@19.2779322,-99.6563032,3a,75y,332.59h,84.81t/data=!3m6!1e1!3m4!1sTUZgztdDs6qHoTlu7Tcmog!2e0!7i13312!8i6656",""
124,"Toluca Centro","CE",65,"Toluca","TLC","Calle Mariano Matamoros esq. Venustiano Carranza","1000","","Universidad","50130","15","762","2010","2731","Gimnasio ""Prof.. Guillermo Ortegas Vargas"" de la UAEM, calle Venustiano Carranza esq. Mariano Matamoros, Toluca, Méx.. C.P. 50130","2015-03-31","2014-12-31","3","https://www.youtube.com/embed/kzKMghmJBgo",19.278083333333,-99.656416666667,"1997-01-01","1","https://www.google.com.mx/maps/@19.2693027,-99.5962164,3a,75y,336.35h,80.18t/data=!3m6!1e1!3m4!1sPTKkLf0b58FuA3Du9L2PxQ!2e0!7i13312!8i6656",""
125,"Metepec","MT",65,"Toluca","TLC","Calle Manzana, entre las calles de Manuel J. Clouthier y calle Mango","20","","Izcalli Cuahutémoc V","52176","0","0","2010","2620","Av. Manuel J. Cloutier ND Esq. Manzana Izcalli Cuauhtémoc V, Metepec, Estado de México, C.P. 52176",NA,"2014-12-31","0","https://www.youtube.com/embed/AtPDfW9eJlk",19.270194444444,-99.595194444444,"1997-01-01","1","",""
126,"Oxtotitlán","OX",65,"Toluca","TLC","Lago Caimanero esq. Laguna de la Asunción","500","","Nueva Oxtotitlán","50100","0","0","2010","2711","Escuela Primaria ""Carmen Serdán"" calle Lago Caimero Esq. Laguna de la Asunción, Col. Nueva Oxtotitlán, Toluca, Estado de México, C.P. 50100","2015-01-31","2014-12-31","0","https://www.youtube.com/embed/CeRnytjsqr8",19.283444444444,-99.683488888889,"1997-01-01","1","",""
127,"San Cristobal","SC",65,"Toluca","TLC","Paseo de la Luz  esq. Manuel Hinojosa Giles","s/n","","San Cristóbal Huichochitlán","50200","0","0","2010","2620","Esc. Primaria ""Manuel Hinojosa Giles"" calle Guadalupe Victoria esq. Paseo de la Luz, San Cristóbal Huichochitan, Toluca, Estado de México. C.P. 50100","2015-01-31","2014-12-31","0","https://www.youtube.com/embed/eMGU7bzOUnA",19.327222222222,-99.634288888889,"1997-03-02","1","",""
385,"San Lorenzo Tepaltitlán ","SL",65,"Toluca","TLC","","","","","","0","0",NA,"0",NA,NA,"2014-12-31","0","Array",NA,NA,"1997-01-01","1","",NA
128,"San Mateo Atenco","SM",65,"Toluca","TLC","Av. Hacienda de Tres Marías","260","","Santa Elena","52100","0","0","2010","2588","Av. Hacienda de tres Marías ND Fraccionamiento Santa Elena, San Mateo Atenco, Estado de México, C.P. 52100","2015-01-31","2014-12-31","0","https://www.youtube.com/embed/RaZ_T8m0t2M",19.280416666667,-99.541666666667,"1997-01-01","1","https://www.google.com.mx/maps/@19.2805292,-99.5418198,3a,75y,154.97h,101.9t/data=!3m6!1e1!3m4!1siyLOwjfj6bTSgg4UD0YEkg!2e0!7i13312!8i6656",""
56,"CONALEP","CNP",40,"Torreón","TORR","Calzada José Vasconcelos ","s/n","s/n","esquina con Calle Azuay, Colonia Merced II","27276","5","67",NA,"0",NA,NA,"2014-12-31","0","",25.522694444444,-103.39580555556,"2013-12-31","8","",""
339,"HECAT","HECAT",40,"Torreón","TORR","Calle Castro"," #220",""," Torreón Jardín","","0","0",NA,"0",NA,NA,NA,NA,"Array",25.544416666667,-103.4295,NA,"1","",""
230,"Capellania","CAP",113,"Torreón Municipal","TOR",NA,NA,NA,NA,NA,NA,NA,NA,NA,NA,NA,NA,NA,NA,NA,NA,NA,"1",NA,NA
226,"Centro Cultural R. Mijares","CCRM",113,"Torreón Municipal","TOR","Av. Bravo Oriente","","","Primero de Cobián","27000","5","67","2001","1140","Av. Bravo y Calle 17 ND int. Centro Cultural José R. Mijares",NA,NA,NA,"",25.544722222222,-103.43022222222,NA,"1","https://www.google.com.mx/maps/place/Centro+Cultural+José+R.+Mijares/@25.544753,-103.4302256,3a,75y,90t/data=!3m8!1e2!3m6!1szItwvPALC8gAAAQvOZSX7g!2e0!3e3!6s%2F%2Flh4.googleusercontent.com%2Fproxy%2F7TBimy3ckeR9257caVWBWaM-1cwXqzrRyPyk6hs2Xzd1d6tS0myBvOx5",""
227,"DIF- Torreón","DIFT",113,"Torreón Municipal","TOR","Blvrd Revolución","561","","Primero de Cobián Centro","27000","5","67",NA,"0",NA,NA,NA,NA,"",25.535452222222,-103.45648166667,NA,"1","https://www.google.com.mx/maps/@25.5357837,-103.4562769,3a,75y,182.7h,81.43t/data=!3m6!1e1!3m4!1s074fbbUr5OzVuBCC5sSiTw!2e0!7i13312!8i6656",""
420,"HECAT","HECAT",113,"Torreón Municipal","TOR","Castro","206","","Torreón Jardín","27200","5","67",NA,"0",NA,NA,NA,NA,"",25.528907777778,-103.43148361111,NA,"1","https://www.google.com.mx/maps/@25.5293008,-103.4316237,3a,75y,154.6h,65.31t/data=!3m6!1e1!3m4!1sfAcJo0XR37vCbLPHzxvrKQ!2e0!7i13312!8i6656!6m1!1e1",""
340,"Hospital Infantil","HOS",113,"Torreón Municipal","TOR","","","","","","0","0",NA,"0",NA,NA,NA,NA,"",25.544416666667,-103.4295,NA,"1","",""
231,"Parroquia","IGLE",113,"Torreón Municipal","TOR",NA,NA,NA,NA,NA,NA,NA,NA,NA,NA,NA,NA,NA,NA,NA,NA,NA,"1",NA,NA
233,"Primaria","PRIM",113,"Torreón Municipal","TOR",NA,NA,NA,NA,NA,NA,NA,NA,NA,NA,NA,NA,NA,NA,NA,NA,NA,"1",NA,NA
228,"Secundaria Gral. 2","SEC2",113,"Torreón Municipal","TOR",NA,NA,NA,NA,NA,NA,NA,"1988","0","Escuela Secundaria General No. 2 Calzada Lázaro Cárdenas",NA,NA,NA,NA,NA,NA,NA,"1",NA,NA
229,"Secundaria Gral. 3","SEC3",113,"Torreón Municipal","TOR",NA,NA,NA,NA,NA,NA,NA,"1988","0","Escuela Secundaria General No. 3 Col. Moctezuma",NA,NA,NA,NA,NA,NA,NA,"1",NA,NA
232,"Secundaria Técnica 83","SEC83",113,"Torreón Municipal","TOR",NA,NA,NA,NA,NA,NA,NA,"2006","0","Escuela Secundaria Técnica No. 83 Av. Sicomoros y Calle Duraznos Col. Torreón Jardín",NA,NA,NA,NA,NA,NA,NA,"1",NA,NA
90,"Centro de Salud","CSA",58,"Tula","TUL","Manuel Rojo del Río ","No. 5","No. 5","colonia centro","C.P.","13","523","2004","0","Atanasio Bernal No. 1 Esq. 16 de Septiembre. Cabecera municipal, col. Centro, Tula de Allende",NA,"2015-12-31","0","https://youtu.be/DaiIFfW3Rg4",20.053777777778,-99.340055555556,"2012-12-31","1","","https://youtu.be/UEV22SnJyW8"
89,"Hospital Regional","HRE",58,"Tula","TUL","","","","","","0","0","2006","0","Carr. Tula-Tepeji, Km. 8 Ejido el Carmen, Col. El 61, Tula de Allende",NA,"2015-12-31","0","",20.04,-99.343611111111,"2012-12-31","1","",NA
309,"Clínica de Salud","TJU",58,"Tula","TUL","","","","","","0","0",NA,"0",NA,NA,NA,NA,"Array",20.053777777778,-99.340083333333,NA,"1","",""
91,"Oficinas Tula","TOF",58,"Tula","TUL","","","","","","0","0",NA,"0",NA,NA,NA,NA,"Array",20.776611111111,-99,NA,"1","",""
307,"Tula","TULA",58,"Tula","TUL","","","","","",NA,NA,NA,"0",NA,NA,NA,NA,"",NA,NA,NA,"1",NA,NA
292,"Tulancingo","TLN",121,"Tulancingo","TLN","Corregidora","304","","Centro","43600","13","524",NA,"0",NA,NA,NA,NA,"https://youtu.be/owKwwJNa0Lc",20.08525,-98.366638888889,"2015-05-18","1","","https://youtu.be/novhgb24r5o"
52,"DIF","DIF",37,"Tuxtla Gutiérrez","TUX","","","","","","0","0","2003","586","Segunda Oriente Norte 3,  Col. Terán",NA,NA,NA,"",16.756052777778,-93.080505555556,NA,"1","",NA
51,"Delegación Terán","DT",37,"Tuxtla Gutiérrez","TUX","","","","","","0","0","2003","506","Lib. Norte Oriente ND, Esq. Paso Limón Col. Patria Nueva,",NA,NA,NA,"",16.753611111111,-93.173888888889,NA,"1","",""
398,"Palacio Municipal","PM",37,"Tuxtla Gutiérrez","TUX",NA,NA,NA,NA,NA,NA,NA,NA,NA,NA,NA,NA,NA,NA,19.489583333333,-98.801083333333,NA,"1",NA,NA
50,"Palacio Municipal","PMN",37,"Tuxtla Gutiérrez","TUX","","","","","","0","0",NA,"0",NA,NA,NA,NA,"",16.755277777778,-93.120833333333,NA,"1","",NA
240,"Acolman","ACO",119,"Valle de México","CMX","Calzada de los Agustinos ","S/N","S/N","Centro","55870","15","658","2003","2198","Calzada de los Agustinos ND, Col. San Agustín, Acolman de Nezahualcóyotl, Estado de México, C.P. 55870",NA,"2015-12-31","0","",19.635555555556,-98.912222222222,"2007-06-01","1","",""
242,"Ajusco Medio","AJM",119,"Valle de México","CMX","Encinos","41","S/N","Col. Miguel Hidalgo 4ta sección","14250","9","276",NA,"2619",NA,NA,"2015-12-31","0","",19.272222222222,-99.207777777778,"2014-12-31","1","",""
241,"Ajusco","AJU",119,"Valle de México","CMX","Km. 36.5 Carretera Federal México-Cuernavaca","S/N","S/N","","14500","9","276","1998","2942","Km 36.5 Carretera Federal México-Cuernavaca, C.P. 14500",NA,"2015-12-31","0","",19.154286111111,-99.162777777778,"2011-12-31","1","",""
314,"Aragón","ARA",119,"Valle de México","CMX","438 y 416","103","S/N","San Juan de Aragon","07920",NA,NA,NA,"2240",NA,NA,"2015-12-31","0","",19.47138,-99.074546111111,"1997-01-01","1",NA,NA
243,"Atizapán","ATI",119,"Valle de México","CMX","Océano Pacífico ","S/N","S/N","Lomas Lindas","54947",NA,NA,"2003","2341","Av. Océano Pacífico ND esquina con Mar de Ross, Col. Lomas Lindas, Atizapán de Zaragoza, Estado de México",NA,"2015-12-31","0","",19.577222222222,-99.254166666667,"1997-01-01","1",NA,NA
315,"Azcapotzalco","AZC",119,"Valle de México","CMX","Rafael Buelna","S/N","S/N","Tezozomoc","00240",NA,NA,NA,"2279",NA,NA,"2015-12-31","0","",19.489388888889,-99.198972222222,"1997-01-01","1",NA,NA
300,"Benito Juárez","BJU",119,"Valle de México","CMX","Municipio libre y Uxmal","S/N","S/N","Santa Cruz Atoyac","03310","9","278",NA,"2250",NA,NA,"2015-12-31","0","",19.371666666667,-99.159166666667,"1997-01-01","1","",""
244,"Camarones","CAM",119,"Valle de México","CMX","Malvón","20","S/N","Hogar y seguridad","02820","9","266","2003","2233","Malvón No. 230, Colonia Hogar y Seguridad, Delegación Azcapotzalco, México, Distrito Federal C.P. 02820",NA,"2015-12-31","0","",19.468611111111,-99.17,"2003-08-01","1","",""
245,"Centro de Ciencias de la Atmósfera","CCA",119,"Valle de México","CMX","Circuito Exterior s/n","S/N","S/N","Ciudad Universitaria"," 0451","9","267",NA,"2294",NA,NA,"2015-12-31","0","",19.326388888889,-99.176111111111,"2013-12-31","1","",""
317,"Cerro de la estrella","CES",119,"Valle de México","CMX","Av. San Lorenzo ","312","S/N","San Juan Calpa","90830",NA,NA,NA,"2219",NA,NA,"2015-12-31","0","",19.336555555556,-99.075111111111,"1997-01-01","1",NA,NA
246,"Chalco","CHO",119,"Valle de México","CMX","Insurgentes","S/N","S/N","Casco de San Juan","56600","15","681","2003","2253","Calle de San Juan ND, Col. Casco de San Juan, Chalco, Estado de México, C.P. 56600",NA,"2015-12-31","0","",19.267222222222,-98.886111111111,"2007-06-01","1","",""
247,"Coyoacán","COY",119,"Valle de México","CMX","Hidalgo","62","S/N","Del Carmen Coyoacán","04000","9","267","2003","2260","Av. Miguel Hidalgo No. 62, Colonia Del Carmen Coyoacán, Delegación Coyoacán, México, Distrito Federal C.P. 04000",NA,"2015-12-31","0","",19.350277777778,-99.157222222222,"2003-08-01","1","",""
248,"Cuajimalpa","CUA",119,"Valle de México","CMX","Monte Encino ","14","S/N","Jesús del Monte","05260","9","268","2003","2704","Calle Monte Encino ND,  Col. Jesús del Monte, Delegación Cuajimalpa, México, Distrito Federal, C.P. 05260",NA,"2015-12-31","0","",19.365555555556,-99.291944444444,"1997-01-01","1","",""
318,"Cuitláhuac ","CUI",119,"Valle de México","CMX","Av. Ciutláhuac","548","S/N","Pantaco","02510",NA,NA,NA,"2240",NA,NA,"2015-12-31","0","",19.471744166667,-99.165840277778,"2002-03-15","1",NA,NA
249,"Cuautitlán","CUT",119,"Valle de México","CMX","Carretera Circunvalación","S/N","S/N","El Trebol","54600","15","751","2003","2263","Carretera Circunvalación ND, Colonia Parque Industrial El Convento, Municipio de Tepotzotlán, Estado de México, CP. 54600.",NA,"2015-12-31","0","",19.722222222222,-99.198611111111,"2011-12-31","1","",""
250,"FES Acatlán","FAC",119,"Valle de México","CMX","Alcanfores y San Juan Totoltepec","S/N","S/N","Santa Cruz Acatlán","53150","15","713","2003","2299","Avenida Alcanfores ND, esquina con San Juan Totoltepec, Colonia Santa Cruz Acatlán, Municipio de Naucalpan, Estado de México, CP. 53150.",NA,"2015-12-31","0","",19.4825,-99.243611111111,"1997-01-01","1","",""
302,"Gustavo A. Madero","GAM",119,"Valle de México","CMX","Ing.Eduardo Molina","1577","S/N","Salvador Díaz Mirón","07400","9","269",NA,"2227",NA,NA,"2015-12-31","0","",19.482777777778,-99.094722222222,"2014-12-31","1","",""
320,"Hangares","HAN",119,"Valle de México","CMX","Boulevard Hangares","235","S/N","Col. Federal","15700",NA,NA,NA,"2240",NA,NA,"2015-12-31","0","",19.423055555556,-99.084722222222,"1997-01-01","1",NA,NA
251,"Hospital General de México","HGM",119,"Valle de México","CMX","Dr. Balmis ","148","S/N","Doctores","06726","9","279","2011","0","Doctor Balmis # 148, Colonia Doctores, Delegación Cuauhtémoc, México DF, CP. 06726.",NA,"2015-12-31","0","",19.411666666667,-99.152222222222,"2011-12-31","1","",""
322,"Instituto Mexicano del Petróleo ","IMP",119,"Valle de México","CMX","Av. Lázaro Cárdenas","152","S/N","San Bartolo Atepehuacan","07730",NA,NA,NA,"2240",NA,NA,"2015-12-31","0","",19.490277777778,-99.147222222222,"1997-01-01","1",NA,NA
301,"Instituto Nacional de Investigaciones Nucleares","INN",119,"Valle de México","CMX","Carretera México toluca ","S/N","S/N","La marquesa","52750","15","718",NA,"3082",NA,NA,"2015-12-31","0","",19.292222222222,-99.380555555556,"2014-12-31","1","",""
252,"Iztacalco","IZT",119,"Valle de México","CMX","Guillermo Prieto y Melchor Ocampo","73","S/N","Campamento 2 de octubre","08930","9","270","2003","2238","Calle Guillermo Prieto #73, esquina con Melchor Ocampo súper manzana #4, Manzana 17 Lote 8,",NA,"2015-12-31","0","",19.384444444444,-99.117777777778,"2007-06-01","1","",""
324,"Lagunilla","LAG",119,"Valle de México","CMX","Libertad y Comonfort","S/N","S/N","Peralvillo","06200",NA,NA,NA,"2240",NA,NA,"2015-12-31","0","",19.444166666667,-99.135275,"1997-01-01","1",NA,NA
254,"Los Laureles","LLA",119,"Valle de México","CMX","Río Piedad esq. Ponce ","S/N","S/N","Fracc. Río Piedras"," 5509","15","689","2003","0","Av. Río de Piedras ND, Col. Los Laureles, Ecatepec de Morelos, Estado de México, C.P. 55090",NA,"2015-12-31","0","",19.578888888889,-99.039722222222,"1997-01-01","1","",""
255,"Lomas","LOM",119,"Valle de México","CMX","Bosque de Ciruelo","99","","Bosques de las Lomas","11700","9","280",NA,"0",NA,NA,NA,"0","",19.403,-99.242055555556,NA,"1","",""
253,"La Presa","LPR",119,"Valle de México","CMX","Asociación Mexicana de Excursionistas del D.F.","S/N","S/N","La Presa,"," 5418","15","760","2003","2302","Calle Asociación de Excursionistas del Departamento del D.F ND, Col. Lázaro Cárdenas, Tlalnepantla, Estado de México, C.P. 54189",NA,"2015-12-31","0","",19.535,-99.117777777778,"1997-01-01","1","",""
325,"La Villa","LVI",119,"Valle de México","CMX","Henry Ford entre Martha y Otilia","S/N","S/N","Guadalupe Tepeyac","07840",NA,NA,NA,"2240",NA,NA,"2015-12-31","0","",19.469708333333,-99.117922222222,"1997-01-01","1",NA,NA
326,"Museo de la Ciudad de México ","MCM",119,"Valle de México","CMX","Pino Suárez ","30","S/N","Centro","06000",NA,NA,NA,"2237",NA,NA,NA,NA,"",19.429166666667,-99.132222222222,NA,"1",NA,NA
256,"Merced","MER",119,"Valle de México","CMX","Congreso de la Unión esq. Stan de Tiro","S/N","S/N","Merced Balbuena","15860","9","281","2003","2245","Av. Congreso de la Unión No. 148, Col. Merced Balbuena,  Venustiano Carranza, México, Distrito Federal, C.P. 15860",NA,"2015-12-31","0","",19.424722222222,-99.119722222222,"1997-01-01","1","",""
263,"Miguel Hidalgo","MGH",119,"Valle de México","CMX","Sur 128 ","53",""," América","11820","9","280",NA,"2366",NA,NA,"2015-12-31","0","",19.404,-99.202722222222,"2014-12-31","1","",""
399,"Metro Insurgentes","MIN",119,"Valle de México","CMX","Glorieta Metro Insurgentes Av. Insurgentes y Av. Chapultepec","S/N","S/N","Roma","06700","0","0",NA,"2240",NA,NA,"2015-12-31","0","",19.4235625,-99.162893611111,"1997-01-01","1","",""
257,"Montecillo","MON",119,"Valle de México","CMX","Km. 36.5 ","carretera ","S/N","Montecillo","56230","15","755","2003","2252","Carretera México Texcoco Km. 36.5, Col. Montecillo, Texcoco, Estado de México, C.P. 56230",NA,"2015-12-31","0","",19.767777777778,-99.507777777778,"1997-01-01","1","",""
299,"Milpa Alta","MPA",119,"Valle de México","CMX","Blvd. Nuevo León ","386","S/N","Villa Milpa Alta","12000","9","273",NA,"2343",NA,NA,NA,NA,"",19.199166666667,-99.010833333333,"2016-06-22","1","",""
329,"Netzahualcóyotl ","NET",119,"Valle de México","CMX","Bordo de Xochiaca y Av. Virgencitas","S/N","SN","Virgencitas ","57300",NA,NA,NA,"2240",NA,NA,"2015-12-31","0","",19.422308611111,-99.026118333333,"1997-01-01","1",NA,NA
258,"Nezahualcóyotl","NEZ",119,"Valle de México","CMX"," Ángel de la Independencia ","S/N","S/N","Metropolitana 2a sección","57740","15","714","2003","2235","Avenida Ángel de la Independencia ND, entre Escalerilla y Flamingo, Colonia Metropolitana 2da. sección, Municipio de Nezahualcóyotl, Estado de México, CP. 57740.",NA,"2015-12-31","0","",19.393888888889,-99.028333333333,"2003-08-01","1","",""
331,"Netzahualcóyotl Sur ","NTS",119,"Valle de México","CMX","Av. Angel de la Independencia entre Escalerilla y Flamingo ","139","S/N","Metropolitana 2da Sección ","57740",NA,NA,NA,"2240",NA,NA,NA,NA,"",19.38889,-99.01944,NA,"1",NA,NA
259,"Pedregal","PED",119,"Valle de México","CMX","Cañada ","370","S/N","Jardines del Pedregal","01900","9","274","2003","2326","Cañada No. 370, Col. Pedregal de San Ángel, Delegación Álvaro Obregón, México, Distrito Federal, C.P. 01900",NA,"2015-12-31","0","",19.325277777778,-99.204166666667,"1997-01-01","1","",""
332,"Plateros","PLA",119,"Valle de México","CMX","Francisco P. Miranda ","177","S/N","Lomas de Plateros","01600",NA,NA,NA,"2330",NA,NA,"2015-12-31","0","",19.367027777778,-99.200104722222,"1997-01-01","1",NA,NA
260,"San Agustín","SAG",119,"Valle de México","CMX","Av. Santa Rita y Sur 92","S/N","S/N","San Agustín 3a sección","55130","15","689","2003","2241","Av. Santa Rita y Sur 90, Col. Nuevo Paseo de San Agustín, Ecatepec de Morelos, Estado de México, C.P. 55130",NA,"2015-12-31","0","",19.533055555556,-99.030555555556,"1997-01-01","1","",""
262,"Santa Fe","SFE",119,"Valle de México","CMX","Av. Carlos Lazo","S/N","Entre Tama","Prados de la Montaña","05619","9","268","2003","2599","Avenida Carlos Lazo ND, esquina con Avenida Francisco J. Serrano, Colonia Santa Fe, Delegación Álvaro Obregón, México DF, CP. 01389.",NA,"2015-12-31","0","",19.3575,-99.263055555556,"2011-12-31","1","",""
264,"Secretaría de Hacienda","SHA",119,"Valle de México","CMX","Calzada Legaria","608","","Irrigación","11500","9","280",NA,"0",NA,NA,NA,"0","",19.446194444444,-99.207861111111,NA,"1","",""
261,"San Juan de Aragón","SJA",119,"Valle de México","CMX","Av. 504 y 506","S/N","2a sección","Unidad San Juan de Aragón"," 0792","9","269","2003","2258","Calle 416 No. 103, Col. San Juan de Aragón, Gustavo A. Madero, México, Distrito Federal C.P. 07920",NA,"2015-12-31","0","",19.452777777778,-99.086111111111,"2003-08-01","1","",""
400,"Santa Ursula","SUR",119,"Valle de México","CMX","San Gabriel","517","S/N","Pedregal de Santa Ursula","04600",NA,NA,NA,"2279",NA,NA,"2015-12-31","0","",19.314444444444,-99.150055555556,"1997-01-01","3",NA,NA
334,"Tacuba","TAC",119,"Valle de México","CMX","Lago Cardiel","61","S/N","Argentina Antigua","11270",NA,NA,NA,"2240",NA,NA,"2015-12-31","0","",19.454846388889,-99.202814722222,"1997-01-01","1",NA,NA
265,"Tlahuac","TAH",119,"Valle de México","CMX","Escudo Nacional","S/N","S/N","Nativitas","16790","9","275","2003","2297","Escudo Nacional ND, Col. Nativitas, Delegación Xochimilco, México, Distrito Federal, C.P. 16700",NA,"2015-12-31","0","",19.246666666667,-99.010833333333,"1997-01-01","1","",""
335,"Taxqueña ","TAX",119,"Valle de México","CMX","Av. Taxqueña","1811","S/N","San Francisco Culhuacán","04260",NA,NA,NA,"2240",NA,NA,"2015-12-31","0","",19.337456666667,-99.122986666667,"1997-01-01","1",NA,NA
266,"Tlalnepantla","TLA",119,"Valle de México","CMX","Glorieta Atlacomulco","S/N","S/N","Tlalnemex","54070","15","760","2003","2311","Av. Toluca ND, Glorieta Atlacomulco, Col. Tlalmex, Tlalnepantla, Estado de México, C.P. 54070",NA,"2015-12-31","0","",19.529166666667,-99.204722222222,"1997-01-01","1","",""
267,"Tultitlán","TLI",119,"Valle de México","CMX","Blvd. Lomas de Cartagena ","S/N","S/N","Lomas de Cartagena","54943","15","765","2003","2313","Blvd. Lomas de Cartagena ND esquina con Eje 5, Col. Ciudad Labor, Tultitlán, Estado de México, C.P. 54943",NA,"2015-12-31","0","",19.602777777778,-99.177222222222,"1997-01-01","1","",""
336,"Tlalpan","TPN",119,"Valle de México","CMX","Cerro Tetenco","1","S/N","María Esther Sumo de Echeverría","14659",NA,NA,NA,"0",NA,NA,"2015-12-31","0","",19.256858333333,-99.183862222222,"1997-01-01","1",NA,NA
269,"UAM Xochimilco","UAX",119,"Valle de México","CMX","Calz. del Hueso","1100","S/N","Villa Quietud","04960","9","267","2003","2246","Calzada del Hueso # 1100, Colonia Villa Quietud, Delegación Coyoacán, México DF, CP. 04960.",NA,"2015-12-31","0","",19.304444444444,-99.103888888889,"2011-12-31","1","",""
268,"UAM Iztapalapa","UIZ",119,"Valle de México","CMX","San Rafael Atlixco","180","S/N","Vicentina","09340","9","271","2003","2221","Col. La Vicentina, Delegación Iztapalapa, México, Distrito Federal, C.P. 09340",NA,"2015-12-31","0","",19.360833333333,-99.073888888889,"1997-01-01","1","",""
401,"Vallejo","VAL",119,"Valle de México","CMX","Ferrocarril Monte Alto Esq. Calle 1-D","39","S/N","San José de la Escalera","07050",NA,NA,NA,"2240",NA,NA,"2015-12-31","0","",19.524139444444,-99.165998611111,"1997-01-01","1",NA,NA
270,"Villa de las Flores","VIF",119,"Valle de México","CMX","Primavera y Palmacristi ","S/N","S/N","Villa de las Flores","55710","0","0","2003","2242","Primavera y Calle Palma Cristi ND, Col. Villa de las Flores, Coacalco, Estado de México, C.P. 55710",NA,"2015-12-31","0","",19.6575,-99.096666666667,"1997-01-01","1","",""
271,"Xalostoc","XAL",119,"Valle de México","CMX","Vía Morelos km 12.5","entre Lópe","S/N","Xalostoc","54190","15","689","2003","2160","Km 13.5 de la Antigua Carretera a Pachuca y Calle del Hierro, Col. Xalostoc, Ecatepec, Estado de México, C.P. 55540",NA,"2015-12-31","0","",19.526111111111,-99.0825,"1997-01-01","1","",""
338,"Xochimilco","XCH",119,"Valle de México","CMX","Pino, Gpe. Rámirez y Nuevo León","S/N","S/N","San Bernardino","16030",NA,NA,NA,"2259",NA,NA,NA,NA,"",NA,NA,NA,"1",NA,NA
355,"Presidencia Municipal","VILL",133,"Villagrán","VIG","","","","","","0","0",NA,"0",NA,NA,NA,NA,"",20.516944444444,-100.99722222222,NA,"1","https://www.google.com.mx/maps/@20.5162153,-100.996259,3a,36.6y,313.24h,110.52t/data=!3m6!1e1!3m4!1s4CF5Y1kbEQbcaSS95eb_sA!2e0!7i13312!8i6656",""
235,"STPS","STP",115,"Xalapa","XAL","Av. Manuel Ávila Camacho","195",""," Ferrer Guardia","91020","30","2169","2013","1430","Av. Manuel Ávila Camacho No. 195, Colonia Ferrer Guardia, C.P. 91020, Xalapa, Veracruz",NA,"2014-12-31","0","",19.530094444444,-96.881880555556,"2013-01-01","8","https://www.google.com.mx/maps/@20.9741614,-89.6245248,3a,75y,331.66h,107.26t/data=!3m6!1e1!3m4!1sowB6Z1a6sNHAXg_wjIC9tg!2e0!7i13312!8i6656",NA
97,"Delegación Municipal","DEL",61,"Xochicoatlán","XCT","","","","","","0","0",NA,"0",NA,NA,NA,NA,"",19.969444444444,-98.861666666667,NA,"1","",NA
98,"Escuela Primaria","PRIM",61,"Xochicoatlán","XCT","","","","","","0","0",NA,"0",NA,NA,NA,NA,"",20.779722222222,-98.678611111111,NA,"1","",""
99,"Oficina de Correos","XCT",61,"Xochicoatlán","XCT","","","","","","0","0",NA,"0",NA,NA,NA,NA,"",20.776611111111,-98.679861111111,NA,"1","",""
294,"Cd. Administrativa","CDA",118,"Zacatecas","ZAC","","","","","","0","0",NA,"0",NA,"2016-11-01",NA,"9","https://www.youtube.com/embed/wIj8sIfKi9s",22.776361944444,-102.61734111111,"2015-10-28","1","",""
239,"IMSS Zac","IMSS",118,"Zacatecas","ZAC","","","","","","0","0","2008","2449","H.G.Z.No. 1 Zac",NA,NA,NA,"",22.775258333333,-102.56666666667,NA,"1","",""
295,"Col. Minera","MIN",118,"Zacatecas","ZAC","mina sirena ","132","","MINERA","98055","0","0",NA,"0",NA,NA,NA,NA,"",22.770455,-102.58512555556,NA,"1","",NA
238,"ZigZag","ZZZ",118,"Zacatecas","ZAC","","","","","","0","0","2004","2448","torre de Zig. Zag. Zac",NA,NA,NA,"",22.762161111111,-102.57890555556,NA,"1","",""
135,"Tecnológico de Zacatepec","TEC",70,"Zacatepec","ZAC","Plan de Ayala","27","","Zacatepec de Hidalgo","62780","17","925","2008","910","Calzada Tecnológico No. 27, Zacatepec, Morelos, C.P. 62780",NA,"2014-12-31","0","https://www.youtube.com/watch?v=J73gPYviTRc",18.654444444444,-99.183333333333,"2013-12-31","1","",""
308,"Palacio Municipal","ZAP",126,"Zapotlán","ZAP","","","","","","0","0",NA,"0",NA,NA,NA,NA,"Array",19.969444444444,-98.861666666667,NA,"1","",""
